"","Date","Visitor","G","Home","G","","Att.","LOG","Notes"
"1","1993-10-05","New York Islanders","1","Calgary Flames","2","","","",""
"2","1993-10-05","Detroit Red Wings","4","Dallas Stars","6","","","",""
"3","1993-10-05","Boston Bruins","4","New York Rangers","3","","","",""
"4","1993-10-05","Pittsburgh Penguins","3","Philadelphia Flyers","4","","","",""
"5","1993-10-06","Florida Panthers","4","Chicago Blackhawks","4","OT","","",""
"6","1993-10-06","San Jose Sharks","2","Edmonton Oilers","3","","","",""
"7","1993-10-06","Vancouver Canucks","5","Los Angeles Kings","2","","","",""
"8","1993-10-06","Hartford Whalers","3","Montreal Canadiens","4","","","",""
"9","1993-10-06","Tampa Bay Lightning","1","New Jersey Devils","2","","","",""
"10","1993-10-06","Quebec Nordiques","5","Ottawa Senators","5","OT","","",""
"11","1993-10-06","Washington Capitals","4","Winnipeg Jets","6","","","",""
"12","1993-10-07","Buffalo Sabres","5","Boston Bruins","3","","","",""
"13","1993-10-07","San Jose Sharks","2","Calgary Flames","6","","","",""
"14","1993-10-07","Tampa Bay Lightning","4","New York Rangers","5","","","",""
"15","1993-10-07","Montreal Canadiens","1","Pittsburgh Penguins","2","OT","","",""
"16","1993-10-07","Florida Panthers","3","St. Louis Blues","5","","","",""
"17","1993-10-07","Dallas Stars","3","Toronto Maple Leafs","6","","","",""
"18","1993-10-08","New York Islanders","1","Edmonton Oilers","5","","","",""
"19","1993-10-08","Detroit Red Wings","7","Mighty Ducks of Anaheim","2","","","",""
"20","1993-10-08","New Jersey Devils","6","Washington Capitals","3","","","",""
"21","1993-10-09","Quebec Nordiques","3","Boston Bruins","7","","","",""
"22","1993-10-09","Winnipeg Jets","3","Dallas Stars","3","OT","","",""
"23","1993-10-09","Philadelphia Flyers","5","Hartford Whalers","2","","","",""
"24","1993-10-09","Detroit Red Wings","3","Los Angeles Kings","10","","","",""
"25","1993-10-09","Buffalo Sabres","4","Montreal Canadiens","7","","","",""
"26","1993-10-09","Washington Capitals","4","New Jersey Devils","6","","","",""
"27","1993-10-09","New York Rangers","2","Pittsburgh Penguins","3","","","",""
"28","1993-10-09","Ottawa Senators","5","St. Louis Blues","7","","","",""
"29","1993-10-09","Florida Panthers","2","Tampa Bay Lightning","0","","","",""
"30","1993-10-09","Chicago Blackhawks","1","Toronto Maple Leafs","2","","","",""
"31","1993-10-09","Calgary Flames","5","Vancouver Canucks","1","","","",""
"32","1993-10-10","Hartford Whalers","3","Buffalo Sabres","2","","","",""
"33","1993-10-10","Winnipeg Jets","3","Chicago Blackhawks","4","OT","","",""
"34","1993-10-10","San Jose Sharks","2","Los Angeles Kings","5","","","",""
"35","1993-10-10","New York Islanders","4","Mighty Ducks of Anaheim","3","OT","","",""
"36","1993-10-10","Toronto Maple Leafs","5","Philadelphia Flyers","4","","","",""
"37","1993-10-10","Pittsburgh Penguins","4","Quebec Nordiques","7","","","",""
"38","1993-10-11","Montreal Canadiens","1","Boston Bruins","1","OT","","",""
"39","1993-10-11","Washington Capitals","2","New York Rangers","5","","","",""
"40","1993-10-11","Edmonton Oilers","1","Vancouver Canucks","4","","","",""
"41","1993-10-12","Chicago Blackhawks","3","Dallas Stars","3","OT","","",""
"42","1993-10-12","Pittsburgh Penguins","2","Florida Panthers","1","","","",""
"43","1993-10-12","New York Islanders","5","Los Angeles Kings","7","","","",""
"44","1993-10-12","Winnipeg Jets","4","New Jersey Devils","7","","","",""
"45","1993-10-12","Buffalo Sabres","3","Philadelphia Flyers","5","","","",""
"46","1993-10-13","St. Louis Blues","5","Detroit Red Wings","2","","","",""
"47","1993-10-13","Montreal Canadiens","3","Hartford Whalers","4","","","",""
"48","1993-10-13","Edmonton Oilers","3","Mighty Ducks of Anaheim","4","","","",""
"49","1993-10-13","Quebec Nordiques","4","New York Rangers","6","","","",""
"50","1993-10-13","Washington Capitals","1","Toronto Maple Leafs","7","","","",""
"51","1993-10-14","Hartford Whalers","6","Chicago Blackhawks","2","","","",""
"52","1993-10-14","Ottawa Senators","4","Florida Panthers","5","","","",""
"53","1993-10-14","Edmonton Oilers","4","Los Angeles Kings","4","OT","","",""
"54","1993-10-14","Calgary Flames","2","San Jose Sharks","1","","","",""
"55","1993-10-14","Pittsburgh Penguins","2","Tampa Bay Lightning","3","","","",""
"56","1993-10-15","New York Rangers","5","Buffalo Sabres","2","","","",""
"57","1993-10-15","Boston Bruins","1","Mighty Ducks of Anaheim","1","OT","","",""
"58","1993-10-15","Detroit Red Wings","3","Toronto Maple Leafs","6","","","",""
"59","1993-10-15","Philadelphia Flyers","3","Washington Capitals","0","","","",""
"60","1993-10-16","St. Louis Blues","0","Dallas Stars","4","","","",""
"61","1993-10-16","Toronto Maple Leafs","2","Detroit Red Wings","1","","","",""
"62","1993-10-16","Vancouver Canucks","3","Edmonton Oilers","2","","","",""
"63","1993-10-16","Calgary Flames","4","Los Angeles Kings","8","","","",""
"64","1993-10-16","Quebec Nordiques","5","Montreal Canadiens","2","","","",""
"65","1993-10-16","New Jersey Devils","6","New York Islanders","3","","","",""
"66","1993-10-16","New York Rangers","3","Philadelphia Flyers","4","","","",""
"67","1993-10-16","Hartford Whalers","3","Pittsburgh Penguins","5","","","",""
"68","1993-10-16","Boston Bruins","1","San Jose Sharks","1","OT","","",""
"69","1993-10-16","Ottawa Senators","1","Tampa Bay Lightning","4","","","",""
"70","1993-10-16","Chicago Blackhawks","0","Winnipeg Jets","1","OT","","",""
"71","1993-10-16","Buffalo Sabres","3","Washington Capitals","4","","","",""
"72","1993-10-17","Tampa Bay Lightning","3","Florida Panthers","3","OT","","",""
"73","1993-10-17","Calgary Flames","2","Mighty Ducks of Anaheim","2","OT","","",""
"74","1993-10-18","Detroit Red Wings","6","Buffalo Sabres","4","","","",""
"75","1993-10-18","Dallas Stars","5","Chicago Blackhawks","3","","","",""
"76","1993-10-18","Montreal Canadiens","4","Quebec Nordiques","2","","","",""
"77","1993-10-18","Edmonton Oilers","3","Winnipeg Jets","6","","","",""
"78","1993-10-19","Los Angeles Kings","2","Florida Panthers","2","OT","","",""
"79","1993-10-19","Pittsburgh Penguins","3","New York Islanders","2","","","",""
"80","1993-10-19","Mighty Ducks of Anaheim","4","New York Rangers","2","","","",""
"81","1993-10-19","St. Louis Blues","4","San Jose Sharks","1","","","",""
"82","1993-10-19","Hartford Whalers","2","Toronto Maple Leafs","7","","","",""
"83","1993-10-19","Boston Bruins","4","Vancouver Canucks","5","","","",""
"84","1993-10-20","Calgary Flames","5","Edmonton Oilers","3","","","",""
"85","1993-10-20","Quebec Nordiques","5","Hartford Whalers","2","","","",""
"86","1993-10-20","Dallas Stars","2","Montreal Canadiens","5","","","",""
"87","1993-10-20","Mighty Ducks of Anaheim","0","New Jersey Devils","4","","","",""
"88","1993-10-20","Los Angeles Kings","4","Tampa Bay Lightning","3","","","",""
"89","1993-10-21","Vancouver Canucks","6","Calgary Flames","3","","","",""
"90","1993-10-21","Quebec Nordiques","2","Chicago Blackhawks","3","","","",""
"91","1993-10-21","Winnipeg Jets","2","Detroit Red Wings","6","","","",""
"92","1993-10-21","Toronto Maple Leafs","4","Florida Panthers","3","OT","","",""
"93","1993-10-21","Dallas Stars","6","Ottawa Senators","5","OT","","",""
"94","1993-10-21","San Jose Sharks","2","St. Louis Blues","5","","","","at Sacramento, CA"
"95","1993-10-22","Pittsburgh Penguins","4","Buffalo Sabres","2","","","",""
"96","1993-10-22","Boston Bruins","3","Edmonton Oilers","1","","","",""
"97","1993-10-22","New York Islanders","3","Philadelphia Flyers","4","","","",""
"98","1993-10-22","New York Rangers","1","Tampa Bay Lightning","4","","","",""
"99","1993-10-22","Los Angeles Kings","3","Washington Capitals","6","","","",""
"100","1993-10-23","Boston Bruins","3","Calgary Flames","3","OT","","",""
"101","1993-10-23","Detroit Red Wings","2","Chicago Blackhawks","4","","","",""
"102","1993-10-23","Buffalo Sabres","3","Hartford Whalers","3","OT","","",""
"103","1993-10-23","Mighty Ducks of Anaheim","1","Montreal Canadiens","4","","","",""
"104","1993-10-23","Florida Panthers","1","New Jersey Devils","2","","","",""
"105","1993-10-23","Ottawa Senators","5","New York Islanders","5","OT","","",""
"106","1993-10-23","Winnipeg Jets","9","Philadelphia Flyers","6","","","",""
"107","1993-10-23","St. Louis Blues","3","Pittsburgh Penguins","3","OT","","",""
"108","1993-10-23","Dallas Stars","2","Quebec Nordiques","3","","","",""
"109","1993-10-23","Vancouver Canucks","6","San Jose Sharks","4","","","",""
"110","1993-10-23","Toronto Maple Leafs","2","Tampa Bay Lightning","0","","","",""
"111","1993-10-24","Washington Capitals","3","Edmonton Oilers","2","OT","","",""
"112","1993-10-24","Los Angeles Kings","2","New York Rangers","3","","","",""
"113","1993-10-24","San Jose Sharks","2","Vancouver Canucks","3","OT","","",""
"114","1993-10-25","Washington Capitals","2","Calgary Flames","3","OT","","",""
"115","1993-10-25","Dallas Stars","5","Detroit Red Wings","3","","","",""
"116","1993-10-25","Mighty Ducks of Anaheim","1","Ottawa Senators","4","","","",""
"117","1993-10-26","St. Louis Blues","2","Chicago Blackhawks","9","","","",""
"118","1993-10-26","Winnipeg Jets","5","Florida Panthers","2","","","",""
"119","1993-10-26","Montreal Canadiens","2","New Jersey Devils","0","","","",""
"120","1993-10-26","Los Angeles Kings","0","New York Islanders","7","","","",""
"121","1993-10-26","Philadelphia Flyers","4","Quebec Nordiques","2","","","",""
"122","1993-10-26","Edmonton Oilers","1","San Jose Sharks","3","","","",""
"123","1993-10-27","Buffalo Sabres","5","Calgary Flames","3","","","",""
"124","1993-10-27","Hartford Whalers","1","Dallas Stars","5","","","",""
"125","1993-10-27","Los Angeles Kings","3","Detroit Red Wings","8","","","",""
"126","1993-10-27","Philadelphia Flyers","5","Ottawa Senators","2","","","",""
"127","1993-10-27","Winnipeg Jets","4","Tampa Bay Lightning","3","","","",""
"128","1993-10-27","Washington Capitals","4","Vancouver Canucks","2","","","",""
"129","1993-10-28","Ottawa Senators","2","Boston Bruins","6","","","",""
"130","1993-10-28","Toronto Maple Leafs","4","Chicago Blackhawks","2","","","",""
"131","1993-10-28","New York Islanders","2","Florida Panthers","5","","","",""
"132","1993-10-28","Montreal Canadiens","3","New York Rangers","3","OT","","",""
"133","1993-10-28","Quebec Nordiques","7","Pittsburgh Penguins","3","","","",""
"134","1993-10-28","Mighty Ducks of Anaheim","3","San Jose Sharks","4","","","",""
"135","1993-10-28","Hartford Whalers","1","St. Louis Blues","2","","","",""
"136","1993-10-29","Buffalo Sabres","6","Edmonton Oilers","3","","","",""
"137","1993-10-29","Washington Capitals","5","Mighty Ducks of Anaheim","2","","","",""
"138","1993-10-29","New York Islanders","4","Tampa Bay Lightning","2","","","",""
"139","1993-10-29","Los Angeles Kings","4","Winnipeg Jets","3","OT","","",""
"140","1993-10-30","St. Louis Blues","2","Boston Bruins","1","","","",""
"141","1993-10-30","Edmonton Oilers","1","Calgary Flames","4","","","",""
"142","1993-10-30","Ottawa Senators","5","Dallas Stars","4","OT","","",""
"143","1993-10-30","Tampa Bay Lightning","1","Florida Panthers","2","OT","","",""
"144","1993-10-30","New York Rangers","4","Hartford Whalers","1","","","",""
"145","1993-10-30","Toronto Maple Leafs","2","Montreal Canadiens","5","","","",""
"146","1993-10-30","Philadelphia Flyers","3","New Jersey Devils","5","","","",""
"147","1993-10-30","Chicago Blackhawks","3","Pittsburgh Penguins","4","","","",""
"148","1993-10-30","Detroit Red Wings","5","Quebec Nordiques","3","","","",""
"149","1993-10-30","Washington Capitals","4","San Jose Sharks","2","","","",""
"150","1993-10-30","Buffalo Sabres","6","Vancouver Canucks","3","","","",""
"151","1993-10-31","Philadelphia Flyers","9","Chicago Blackhawks","6","","","",""
"152","1993-10-31","San Jose Sharks","2","Mighty Ducks of Anaheim","1","OT","","",""
"153","1993-10-31","New Jersey Devils","1","New York Rangers","4","","8,200","","at Halifax, NS"
"154","1993-10-31","Calgary Flames","4","Winnipeg Jets","3","","","",""
"155","1993-11-01","Toronto Maple Leafs","3","Dallas Stars","3","OT","","",""
"156","1993-11-01","St. Louis Blues","4","Hartford Whalers","2","","","",""
"157","1993-11-02","Boston Bruins","1","Detroit Red Wings","6","","","",""
"158","1993-11-02","Philadelphia Flyers","4","Florida Panthers","3","","","",""
"159","1993-11-02","Vancouver Canucks","2","New York Islanders","1","","","",""
"160","1993-11-02","Tampa Bay Lightning","2","Quebec Nordiques","8","","","",""
"161","1993-11-02","Pittsburgh Penguins","3","San Jose Sharks","3","OT","","",""
"162","1993-11-03","Pittsburgh Penguins","6","Buffalo Sabres","2","","","","at Sacramento, CA"
"163","1993-11-03","Ottawa Senators","7","Edmonton Oilers","5","","","",""
"164","1993-11-03","Calgary Flames","6","Hartford Whalers","3","","","",""
"165","1993-11-03","New Jersey Devils","2","Los Angeles Kings","3","","","",""
"166","1993-11-03","Dallas Stars","4","Mighty Ducks of Anaheim","5","","","",""
"167","1993-11-03","Tampa Bay Lightning","0","Montreal Canadiens","1","","","",""
"168","1993-11-03","Vancouver Canucks","3","New York Rangers","6","","","",""
"169","1993-11-03","Florida Panthers","3","Toronto Maple Leafs","6","","","",""
"170","1993-11-03","St. Louis Blues","3","Winnipeg Jets","0","","","",""
"171","1993-11-04","Calgary Flames","3","Boston Bruins","6","","","",""
"172","1993-11-04","New York Islanders","2","Chicago Blackhawks","4","","","",""
"173","1993-11-04","Toronto Maple Leafs","3","Detroit Red Wings","3","OT","","",""
"174","1993-11-04","Quebec Nordiques","1","Philadelphia Flyers","4","","","",""
"175","1993-11-05","New Jersey Devils","6","Mighty Ducks of Anaheim","3","","","",""
"176","1993-11-05","Dallas Stars","2","San Jose Sharks","4","","","",""
"177","1993-11-05","Ottawa Senators","7","Winnipeg Jets","6","OT","","",""
"178","1993-11-05","Vancouver Canucks","2","Washington Capitals","3","","","",""
"179","1993-11-06","Tampa Bay Lightning","1","Boston Bruins","1","OT","","",""
"180","1993-11-06","Pittsburgh Penguins","3","Los Angeles Kings","8","","","",""
"181","1993-11-06","Calgary Flames","4","Montreal Canadiens","3","","","",""
"182","1993-11-06","Hartford Whalers","3","New York Islanders","5","","","",""
"183","1993-11-06","New York Rangers","4","Quebec Nordiques","2","","","",""
"184","1993-11-06","Edmonton Oilers","5","St. Louis Blues","6","OT","","",""
"185","1993-11-06","Philadelphia Flyers","3","Toronto Maple Leafs","5","","","",""
"186","1993-11-07","Boston Bruins","4","Buffalo Sabres","3","","","",""
"187","1993-11-07","Edmonton Oilers","0","Chicago Blackhawks","3","","","",""
"188","1993-11-07","Winnipeg Jets","1","Dallas Stars","1","OT","","",""
"189","1993-11-07","Pittsburgh Penguins","5","Mighty Ducks of Anaheim","4","","","",""
"190","1993-11-07","Vancouver Canucks","5","Philadelphia Flyers","2","","","",""
"191","1993-11-07","Florida Panthers","3","Quebec Nordiques","1","","","",""
"192","1993-11-07","New Jersey Devils","2","San Jose Sharks","1","","","",""
"193","1993-11-08","Tampa Bay Lightning","3","New York Rangers","6","","","",""
"194","1993-11-09","Los Angeles Kings","2","Calgary Flames","3","","","",""
"195","1993-11-09","Edmonton Oilers","4","Detroit Red Wings","2","","","",""
"196","1993-11-09","Dallas Stars","2","Mighty Ducks of Anaheim","4","","","","at Phoenix, AZ"
"197","1993-11-09","Winnipeg Jets","5","New York Islanders","2","","","",""
"198","1993-11-09","Toronto Maple Leafs","2","San Jose Sharks","2","OT","","",""
"199","1993-11-09","Pittsburgh Penguins","3","St. Louis Blues","3","OT","","",""
"200","1993-11-09","Quebec Nordiques","1","Washington Capitals","2","","","",""
"201","1993-11-10","Philadelphia Flyers","5","Buffalo Sabres","3","","","",""
"202","1993-11-10","Ottawa Senators","3","Hartford Whalers","4","OT","","",""
"203","1993-11-10","Florida Panthers","3","Montreal Canadiens","1","","","",""
"204","1993-11-10","New York Islanders","3","New Jersey Devils","5","","","",""
"205","1993-11-10","Winnipeg Jets","1","New York Rangers","2","","","",""
"206","1993-11-10","Los Angeles Kings","0","Vancouver Canucks","4","","","",""
"207","1993-11-11","Edmonton Oilers","1","Boston Bruins","5","","","",""
"208","1993-11-11","Mighty Ducks of Anaheim","4","Calgary Flames","5","","","",""
"209","1993-11-11","Pittsburgh Penguins","1","Chicago Blackhawks","4","","","",""
"210","1993-11-11","San Jose Sharks","0","Dallas Stars","4","","","",""
"211","1993-11-11","Florida Panthers","5","Ottawa Senators","4","","","",""
"212","1993-11-11","New Jersey Devils","5","Philadelphia Flyers","3","","","",""
"213","1993-11-11","Toronto Maple Leafs","2","St. Louis Blues","3","","","",""
"214","1993-11-11","Washington Capitals","4","Tampa Bay Lightning","1","","","",""
"215","1993-11-13","Vancouver Canucks","3","Calgary Flames","4","","","",""
"216","1993-11-13","Edmonton Oilers","4","Hartford Whalers","4","OT","","",""
"217","1993-11-13","St. Louis Blues","3","Los Angeles Kings","6","","","",""
"218","1993-11-13","Ottawa Senators","3","Montreal Canadiens","2","OT","","",""
"219","1993-11-13","San Jose Sharks","4","New Jersey Devils","2","","","",""
"220","1993-11-13","Boston Bruins","5","New York Islanders","2","","","",""
"221","1993-11-13","Buffalo Sabres","7","Philadelphia Flyers","2","","","",""
"222","1993-11-13","Detroit Red Wings","7","Pittsburgh Penguins","3","","","",""
"223","1993-11-13","Quebec Nordiques","3","Tampa Bay Lightning","4","","","",""
"224","1993-11-13","Chicago Blackhawks","3","Toronto Maple Leafs","2","","","",""
"225","1993-11-13","Dallas Stars","3","Winnipeg Jets","2","","","",""
"226","1993-11-13","New York Rangers","2","Washington Capitals","0","","","",""
"227","1993-11-14","Dallas Stars","1","Chicago Blackhawks","4","","","",""
"228","1993-11-14","Quebec Nordiques","5","Florida Panthers","2","","","",""
"229","1993-11-14","San Jose Sharks","3","New York Rangers","3","OT","","",""
"230","1993-11-14","Mighty Ducks of Anaheim","2","Vancouver Canucks","3","","","",""
"231","1993-11-15","Winnipeg Jets","2","Calgary Flames","7","","","",""
"232","1993-11-15","Montreal Canadiens","4","Ottawa Senators","2","","","",""
"233","1993-11-15","Edmonton Oilers","5","Toronto Maple Leafs","5","OT","","",""
"234","1993-11-16","New York Rangers","4","Florida Panthers","2","","","",""
"235","1993-11-16","Philadelphia Flyers","5","Pittsburgh Penguins","11","","","",""
"236","1993-11-16","St. Louis Blues","0","Vancouver Canucks","3","","","",""
"237","1993-11-16","San Jose Sharks","2","Washington Capitals","1","","","",""
"238","1993-11-17","Tampa Bay Lightning","3","Dallas Stars","4","","","",""
"239","1993-11-17","Boston Bruins","4","Hartford Whalers","2","","","",""
"240","1993-11-17","Toronto Maple Leafs","4","Mighty Ducks of Anaheim","3","","","",""
"241","1993-11-17","Edmonton Oilers","1","Montreal Canadiens","3","","","",""
"242","1993-11-17","Buffalo Sabres","0","New Jersey Devils","4","","","",""
"243","1993-11-17","New York Islanders","8","Ottawa Senators","1","","","",""
"244","1993-11-17","Detroit Red Wings","1","Winnipeg Jets","2","","","",""
"245","1993-11-18","San Jose Sharks","1","Boston Bruins","3","","","",""
"246","1993-11-18","Chicago Blackhawks","3","Florida Panthers","2","","","",""
"247","1993-11-18","Toronto Maple Leafs","3","Los Angeles Kings","2","","","",""
"248","1993-11-18","New York Islanders","5","Montreal Canadiens","1","","","","at Hamilton, ON"
"249","1993-11-18","New Jersey Devils","5","Ottawa Senators","2","","","",""
"250","1993-11-18","Hartford Whalers","3","Philadelphia Flyers","6","","","",""
"251","1993-11-18","Washington Capitals","2","Pittsburgh Penguins","3","","","",""
"252","1993-11-18","Calgary Flames","3","St. Louis Blues","3","OT","","",""
"253","1993-11-19","Winnipeg Jets","0","Buffalo Sabres","6","","","",""
"254","1993-11-19","New York Rangers","5","Tampa Bay Lightning","3","","","",""
"255","1993-11-19","Mighty Ducks of Anaheim","6","Vancouver Canucks","3","","","",""
"256","1993-11-20","Philadelphia Flyers","5","Boston Bruins","5","OT","","",""
"257","1993-11-20","Calgary Flames","3","Dallas Stars","4","","","",""
"258","1993-11-20","Toronto Maple Leafs","3","Edmonton Oilers","2","","","",""
"259","1993-11-20","Washington Capitals","3","Florida Panthers","4","","","",""
"260","1993-11-20","San Jose Sharks","3","Hartford Whalers","2","","","",""
"261","1993-11-20","Pittsburgh Penguins","2","Montreal Canadiens","2","OT","","",""
"262","1993-11-20","Detroit Red Wings","4","New Jersey Devils","3","OT","","",""
"263","1993-11-20","Winnipeg Jets","5","Quebec Nordiques","5","OT","","",""
"264","1993-11-20","Los Angeles Kings","1","St. Louis Blues","4","","","",""
"265","1993-11-20","Chicago Blackhawks","3","Tampa Bay Lightning","4","","","",""
"266","1993-11-21","San Jose Sharks","5","Buffalo Sabres","6","","","",""
"267","1993-11-21","Los Angeles Kings","4","Dallas Stars","7","","","",""
"268","1993-11-21","Mighty Ducks of Anaheim","4","Edmonton Oilers","2","","","",""
"269","1993-11-21","New York Islanders","5","Philadelphia Flyers","4","OT","","",""
"270","1993-11-21","Detroit Red Wings","2","St. Louis Blues","2","OT","","",""
"271","1993-11-22","Mighty Ducks of Anaheim","2","Calgary Flames","1","","","",""
"272","1993-11-22","Buffalo Sabres","5","Ottawa Senators","2","","","",""
"273","1993-11-22","Toronto Maple Leafs","5","Vancouver Canucks","2","","","",""
"274","1993-11-23","Hartford Whalers","2","Florida Panthers","1","OT","","",""
"275","1993-11-23","Montreal Canadiens","4","New York Rangers","5","","","",""
"276","1993-11-23","New Jersey Devils","1","Quebec Nordiques","1","OT","","",""
"277","1993-11-23","Detroit Red Wings","4","San Jose Sharks","6","","","",""
"278","1993-11-24","New Jersey Devils","5","Buffalo Sabres","3","","","",""
"279","1993-11-24","Toronto Maple Leafs","3","Calgary Flames","5","","","",""
"280","1993-11-24","New York Islanders","2","Dallas Stars","2","OT","","",""
"281","1993-11-24","Chicago Blackhawks","3","Edmonton Oilers","1","","","",""
"282","1993-11-24","New York Rangers","7","Ottawa Senators","1","","","",""
"283","1993-11-24","Montreal Canadiens","2","Philadelphia Flyers","9","","","",""
"284","1993-11-24","Boston Bruins","3","Pittsburgh Penguins","7","","","",""
"285","1993-11-24","Hartford Whalers","1","Tampa Bay Lightning","4","","","",""
"286","1993-11-24","Detroit Red Wings","5","Vancouver Canucks","4","OT","","",""
"287","1993-11-24","Mighty Ducks of Anaheim","2","Winnipeg Jets","1","","","",""
"288","1993-11-24","St. Louis Blues","2","Washington Capitals","5","","","",""
"289","1993-11-25","Los Angeles Kings","6","Quebec Nordiques","8","","","",""
"290","1993-11-26","Florida Panthers","2","Boston Bruins","3","","","",""
"291","1993-11-26","Ottawa Senators","2","Buffalo Sabres","5","","","",""
"292","1993-11-26","Chicago Blackhawks","6","Calgary Flames","3","","","",""
"293","1993-11-26","San Jose Sharks","4","Mighty Ducks of Anaheim","3","","","",""
"294","1993-11-26","Tampa Bay Lightning","0","Philadelphia Flyers","3","","","",""
"295","1993-11-26","New Jersey Devils","6","St. Louis Blues","6","OT","","",""
"296","1993-11-26","Vancouver Canucks","5","Winnipeg Jets","3","","","",""
"297","1993-11-26","Pittsburgh Penguins","4","Washington Capitals","4","OT","","",""
"298","1993-11-27","Dallas Stars","4","Detroit Red Wings","10","","","",""
"299","1993-11-27","Vancouver Canucks","1","Edmonton Oilers","2","","","",""
"300","1993-11-27","Florida Panthers","0","Hartford Whalers","4","","","",""
"301","1993-11-27","Los Angeles Kings","0","Montreal Canadiens","4","","","",""
"302","1993-11-27","New York Rangers","4","New York Islanders","6","","","",""
"303","1993-11-27","Ottawa Senators","2","Pittsburgh Penguins","2","OT","","",""
"304","1993-11-27","Buffalo Sabres","2","Quebec Nordiques","2","OT","","",""
"305","1993-11-27","Mighty Ducks of Anaheim","0","San Jose Sharks","1","","","",""
"306","1993-11-27","Philadelphia Flyers","4","Tampa Bay Lightning","3","OT","","",""
"307","1993-11-27","Boston Bruins","2","Toronto Maple Leafs","4","","","",""
"308","1993-11-28","Detroit Red Wings","4","New York Islanders","1","","","",""
"309","1993-11-28","Washington Capitals","1","New York Rangers","3","","","",""
"310","1993-11-28","Winnipeg Jets","4","St. Louis Blues","3","","","",""
"311","1993-11-29","Dallas Stars","6","Edmonton Oilers","5","OT","","",""
"312","1993-11-29","Hartford Whalers","4","Ottawa Senators","2","","","",""
"313","1993-11-29","Buffalo Sabres","3","Toronto Maple Leafs","0","","","",""
"314","1993-11-29","Chicago Blackhawks","1","Vancouver Canucks","2","OT","","",""
"315","1993-11-30","Dallas Stars","2","Calgary Flames","2","OT","","",""
"316","1993-11-30","Winnipeg Jets","8","Los Angeles Kings","6","","","",""
"317","1993-11-30","New York Rangers","3","New Jersey Devils","1","","","",""
"318","1993-11-30","Washington Capitals","4","New York Islanders","6","","","",""
"319","1993-11-30","Boston Bruins","5","Quebec Nordiques","2","","","",""
"320","1993-12-01","Philadelphia Flyers","1","Edmonton Oilers","3","","","",""
"321","1993-12-01","Detroit Red Wings","3","Hartford Whalers","5","","","",""
"322","1993-12-01","Winnipeg Jets","2","Mighty Ducks of Anaheim","5","","","",""
"323","1993-12-01","Ottawa Senators","6","Montreal Canadiens","3","","","",""
"324","1993-12-01","Buffalo Sabres","3","Tampa Bay Lightning","0","","","",""
"325","1993-12-01","St. Louis Blues","2","Toronto Maple Leafs","4","","","",""
"326","1993-12-02","New York Islanders","3","Boston Bruins","7","","","",""
"327","1993-12-02","Buffalo Sabres","1","Florida Panthers","2","OT","","",""
"328","1993-12-02","Mighty Ducks of Anaheim","2","Los Angeles Kings","3","","","",""
"329","1993-12-02","New Jersey Devils","2","Pittsburgh Penguins","2","OT","","",""
"330","1993-12-02","Toronto Maple Leafs","5","St. Louis Blues","4","","","",""
"331","1993-12-02","Philadelphia Flyers","6","Vancouver Canucks","3","","","",""
"332","1993-12-03","Ottawa Senators","1","Detroit Red Wings","8","","","",""
"333","1993-12-03","Quebec Nordiques","3","New York Islanders","2","","","",""
"334","1993-12-03","Winnipeg Jets","3","San Jose Sharks","3","OT","","",""
"335","1993-12-03","Montreal Canadiens","2","Washington Capitals","2","OT","","",""
"336","1993-12-04","Montreal Canadiens","8","Boston Bruins","1","","","",""
"337","1993-12-04","Philadelphia Flyers","0","Calgary Flames","6","","","",""
"338","1993-12-04","Pittsburgh Penguins","7","Hartford Whalers","6","OT","","",""
"339","1993-12-04","Tampa Bay Lightning","5","Los Angeles Kings","4","","","",""
"340","1993-12-04","Chicago Blackhawks","2","New Jersey Devils","2","OT","","",""
"341","1993-12-04","Washington Capitals","6","Ottawa Senators","1","","","",""
"342","1993-12-04","Vancouver Canucks","1","Quebec Nordiques","3","","","",""
"343","1993-12-04","Dallas Stars","3","St. Louis Blues","4","","","",""
"344","1993-12-04","New York Rangers","4","Toronto Maple Leafs","3","","","",""
"345","1993-12-05","Boston Bruins","1","Buffalo Sabres","3","","","",""
"346","1993-12-05","Edmonton Oilers","3","Dallas Stars","4","","","",""
"347","1993-12-05","Tampa Bay Lightning","4","Mighty Ducks of Anaheim","2","","","",""
"348","1993-12-05","New Jersey Devils","1","New York Rangers","2","","","",""
"349","1993-12-05","Florida Panthers","1","San Jose Sharks","2","","","",""
"350","1993-12-05","Detroit Red Wings","4","Winnipeg Jets","6","","","",""
"351","1993-12-06","Winnipeg Jets","2","Detroit Red Wings","6","","","",""
"352","1993-12-06","Vancouver Canucks","3","Montreal Canadiens","4","OT","","",""
"353","1993-12-06","Calgary Flames","6","Ottawa Senators","1","","","",""
"354","1993-12-07","Florida Panthers","3","Mighty Ducks of Anaheim","2","","","",""
"355","1993-12-07","Edmonton Oilers","4","New York Islanders","4","OT","","",""
"356","1993-12-07","Calgary Flames","4","Quebec Nordiques","4","OT","","",""
"357","1993-12-07","Tampa Bay Lightning","3","San Jose Sharks","1","","","",""
"358","1993-12-07","Chicago Blackhawks","2","St. Louis Blues","3","","","",""
"359","1993-12-07","Hartford Whalers","6","Washington Capitals","1","","","",""
"360","1993-12-08","Pittsburgh Penguins","2","Dallas Stars","3","","","",""
"361","1993-12-08","Vancouver Canucks","4","Hartford Whalers","1","","","",""
"362","1993-12-08","Florida Panthers","6","Los Angeles Kings","5","","","",""
"363","1993-12-08","New Jersey Devils","4","Montreal Canadiens","2","","","",""
"364","1993-12-08","Edmonton Oilers","1","New York Rangers","1","OT","","",""
"365","1993-12-08","Buffalo Sabres","3","Ottawa Senators","1","","","",""
"366","1993-12-08","Winnipeg Jets","5","Toronto Maple Leafs","4","","","",""
"367","1993-12-09","Vancouver Canucks","3","Boston Bruins","2","OT","","",""
"368","1993-12-09","Ottawa Senators","1","Dallas Stars","6","","","","at Minneapolis, MN"
"369","1993-12-09","St. Louis Blues","2","Detroit Red Wings","3","","","",""
"370","1993-12-09","Quebec Nordiques","3","New Jersey Devils","2","","","",""
"371","1993-12-09","Washington Capitals","4","Philadelphia Flyers","2","","","",""
"372","1993-12-10","Calgary Flames","2","Buffalo Sabres","6","","","",""
"373","1993-12-10","Florida Panthers","5","Winnipeg Jets","2","","","",""
"374","1993-12-11","Chicago Blackhawks","5","Boston Bruins","4","","","",""
"375","1993-12-11","San Jose Sharks","3","Detroit Red Wings","5","","","",""
"376","1993-12-11","Buffalo Sabres","3","Hartford Whalers","0","","","",""
"377","1993-12-11","St. Louis Blues","1","Los Angeles Kings","9","","","",""
"378","1993-12-11","Washington Capitals","5","Montreal Canadiens","3","","","",""
"379","1993-12-11","Edmonton Oilers","2","New Jersey Devils","5","","","",""
"380","1993-12-11","Philadelphia Flyers","2","New York Islanders","5","","","",""
"381","1993-12-11","Ottawa Senators","2","Quebec Nordiques","5","","","",""
"382","1993-12-11","Pittsburgh Penguins","6","Tampa Bay Lightning","3","","","",""
"383","1993-12-11","Calgary Flames","1","Toronto Maple Leafs","3","","","",""
"384","1993-12-12","Hartford Whalers","2","Boston Bruins","2","OT","","",""
"385","1993-12-12","San Jose Sharks","1","Chicago Blackhawks","2","","","",""
"386","1993-12-12","Florida Panthers","4","Dallas Stars","4","OT","","",""
"387","1993-12-12","St. Louis Blues","1","Mighty Ducks of Anaheim","2","OT","","",""
"388","1993-12-12","Edmonton Oilers","2","Philadelphia Flyers","1","","","",""
"389","1993-12-12","Toronto Maple Leafs","3","Winnipeg Jets","3","OT","","",""
"390","1993-12-13","Buffalo Sabres","0","New York Rangers","2","","","",""
"391","1993-12-13","Los Angeles Kings","2","Ottawa Senators","5","","","",""
"392","1993-12-13","Washington Capitals","3","Quebec Nordiques","5","","","",""
"393","1993-12-14","Vancouver Canucks","4","Calgary Flames","8","","","",""
"394","1993-12-14","Mighty Ducks of Anaheim","2","Detroit Red Wings","5","","","",""
"395","1993-12-14","New Jersey Devils","1","New York Islanders","4","","","",""
"396","1993-12-14","Los Angeles Kings","2","Pittsburgh Penguins","4","","","",""
"397","1993-12-14","Montreal Canadiens","1","Tampa Bay Lightning","1","OT","","","at Orlando, FL"
"398","1993-12-15","Chicago Blackhawks","3","Dallas Stars","2","","","",""
"399","1993-12-15","Vancouver Canucks","2","Edmonton Oilers","7","","","",""
"400","1993-12-15","Montreal Canadiens","3","Florida Panthers","3","OT","","",""
"401","1993-12-15","Boston Bruins","5","New Jersey Devils","4","","","",""
"402","1993-12-15","Hartford Whalers","2","New York Rangers","5","","","",""
"403","1993-12-15","St. Louis Blues","3","San Jose Sharks","1","","","",""
"404","1993-12-15","Ottawa Senators","3","Tampa Bay Lightning","4","","","",""
"405","1993-12-15","Mighty Ducks of Anaheim","1","Toronto Maple Leafs","0","","","",""
"406","1993-12-16","Quebec Nordiques","2","Philadelphia Flyers","3","","","",""
"407","1993-12-16","Buffalo Sabres","1","Pittsburgh Penguins","2","","","",""
"408","1993-12-17","Los Angeles Kings","0","Buffalo Sabres","2","","","",""
"409","1993-12-17","St. Louis Blues","4","Calgary Flames","3","","","",""
"410","1993-12-17","Mighty Ducks of Anaheim","3","Dallas Stars","2","","","",""
"411","1993-12-17","New York Rangers","4","Detroit Red Wings","6","","","",""
"412","1993-12-17","San Jose Sharks","2","Edmonton Oilers","4","","","",""
"413","1993-12-17","Toronto Maple Leafs","2","New York Islanders","6","","","",""
"414","1993-12-17","Winnipeg Jets","1","Vancouver Canucks","6","","","",""
"415","1993-12-17","Ottawa Senators","2","Washington Capitals","11","","","",""
"416","1993-12-18","Winnipeg Jets","4","Calgary Flames","5","OT","","",""
"417","1993-12-18","Washington Capitals","1","Hartford Whalers","4","","","",""
"418","1993-12-18","Detroit Red Wings","1","Montreal Canadiens","8","","","",""
"419","1993-12-18","Chicago Blackhawks","2","Philadelphia Flyers","2","OT","","",""
"420","1993-12-18","New Jersey Devils","6","Quebec Nordiques","2","","","",""
"421","1993-12-18","Boston Bruins","5","Tampa Bay Lightning","3","","","",""
"422","1993-12-18","Los Angeles Kings","1","Toronto Maple Leafs","4","","","",""
"423","1993-12-19","Tampa Bay Lightning","3","Buffalo Sabres","3","OT","","",""
"424","1993-12-19","Mighty Ducks of Anaheim","0","Chicago Blackhawks","2","","","",""
"425","1993-12-19","St. Louis Blues","4","Edmonton Oilers","1","","","",""
"426","1993-12-19","Boston Bruins","2","Florida Panthers","1","OT","","",""
"427","1993-12-19","Philadelphia Flyers","2","New Jersey Devils","4","","","",""
"428","1993-12-19","Ottawa Senators","3","New York Rangers","6","","","",""
"429","1993-12-19","New York Islanders","6","Pittsburgh Penguins","3","","","",""
"430","1993-12-19","San Jose Sharks","5","Quebec Nordiques","7","","","",""
"431","1993-12-19","Dallas Stars","3","Vancouver Canucks","1","","","",""
"432","1993-12-20","Los Angeles Kings","5","Calgary Flames","4","OT","","",""
"433","1993-12-20","Mighty Ducks of Anaheim","7","Winnipeg Jets","5","","","",""
"434","1993-12-21","Chicago Blackhawks","1","Detroit Red Wings","5","","","",""
"435","1993-12-21","Quebec Nordiques","1","Ottawa Senators","2","","","",""
"436","1993-12-21","Washington Capitals","4","Philadelphia Flyers","1","","","",""
"437","1993-12-21","Tampa Bay Lightning","3","Pittsburgh Penguins","8","","","",""
"438","1993-12-21","Edmonton Oilers","3","Vancouver Canucks","6","","","",""
"439","1993-12-22","Calgary Flames","3","Edmonton Oilers","7","","","",""
"440","1993-12-22","New York Rangers","2","Florida Panthers","3","","","",""
"441","1993-12-22","New Jersey Devils","3","Hartford Whalers","6","","","",""
"442","1993-12-22","Dallas Stars","3","Mighty Ducks of Anaheim","2","OT","","",""
"443","1993-12-22","New York Islanders","5","Montreal Canadiens","3","","","",""
"444","1993-12-22","San Jose Sharks","2","Toronto Maple Leafs","2","OT","","",""
"445","1993-12-23","Pittsburgh Penguins","4","Boston Bruins","3","","","",""
"446","1993-12-23","Montreal Canadiens","0","Buffalo Sabres","5","","","",""
"447","1993-12-23","San Jose Sharks","3","Chicago Blackhawks","5","","","",""
"448","1993-12-23","Dallas Stars","2","Los Angeles Kings","1","","","",""
"449","1993-12-23","Toronto Maple Leafs","2","New Jersey Devils","3","","","",""
"450","1993-12-23","Hartford Whalers","2","Ottawa Senators","1","","","",""
"451","1993-12-23","Detroit Red Wings","3","Philadelphia Flyers","1","","","",""
"452","1993-12-23","Tampa Bay Lightning","4","St. Louis Blues","7","","","",""
"453","1993-12-23","Calgary Flames","3","Vancouver Canucks","4","","","","at Saskatoon, SK"
"454","1993-12-23","Quebec Nordiques","2","Winnipeg Jets","5","","","",""
"455","1993-12-23","New York Rangers","1","Washington Capitals","0","","","",""
"456","1993-12-26","Ottawa Senators","2","Hartford Whalers","3","OT","","",""
"457","1993-12-26","Los Angeles Kings","3","Mighty Ducks of Anaheim","2","","","",""
"458","1993-12-26","Buffalo Sabres","3","New York Islanders","4","OT","","",""
"459","1993-12-26","New Jersey Devils","3","New York Rangers","8","","","",""
"460","1993-12-26","Chicago Blackhawks","2","St. Louis Blues","3","","","",""
"461","1993-12-26","Florida Panthers","3","Tampa Bay Lightning","1","","","","at Orlando, FL"
"462","1993-12-26","Pittsburgh Penguins","3","Washington Capitals","7","","","",""
"463","1993-12-27","Philadelphia Flyers","2","Buffalo Sabres","0","","","",""
"464","1993-12-27","Toronto Maple Leafs","2","Chicago Blackhawks","5","","","",""
"465","1993-12-27","Detroit Red Wings","6","Dallas Stars","0","","","",""
"466","1993-12-27","Winnipeg Jets","0","Edmonton Oilers","6","","","",""
"467","1993-12-27","Boston Bruins","5","Ottawa Senators","3","","","",""
"468","1993-12-27","Montreal Canadiens","5","St. Louis Blues","2","","","",""
"469","1993-12-28","Vancouver Canucks","5","Los Angeles Kings","6","","","",""
"470","1993-12-28","Hartford Whalers","2","New Jersey Devils","4","","","",""
"471","1993-12-28","Mighty Ducks of Anaheim","3","New York Islanders","0","","","",""
"472","1993-12-28","Philadelphia Flyers","4","Pittsburgh Penguins","4","OT","","",""
"473","1993-12-28","Tampa Bay Lightning","4","Quebec Nordiques","1","","","",""
"474","1993-12-28","Calgary Flames","3","San Jose Sharks","3","OT","","",""
"475","1993-12-28","Florida Panthers","3","Washington Capitals","3","OT","","",""
"476","1993-12-29","Toronto Maple Leafs","0","Dallas Stars","4","","","",""
"477","1993-12-29","Montreal Canadiens","3","Edmonton Oilers","6","","","",""
"478","1993-12-29","Florida Panthers","5","Hartford Whalers","3","","","",""
"479","1993-12-29","New York Islanders","3","Quebec Nordiques","5","","","",""
"480","1993-12-29","New York Rangers","4","St. Louis Blues","3","","","",""
"481","1993-12-29","Chicago Blackhawks","2","Winnipeg Jets","3","","","",""
"482","1993-12-30","Edmonton Oilers","1","Calgary Flames","7","","","",""
"483","1993-12-30","Tampa Bay Lightning","3","Ottawa Senators","0","","","",""
"484","1993-12-30","Mighty Ducks of Anaheim","0","Washington Capitals","3","","","",""
"485","1993-12-31","Philadelphia Flyers","4","Boston Bruins","3","","","","at Minneapolis, MN"
"486","1993-12-31","New York Rangers","1","Buffalo Sabres","4","","","",""
"487","1993-12-31","Montreal Canadiens","5","Calgary Flames","2","","","",""
"488","1993-12-31","Dallas Stars","5","Chicago Blackhawks","2","","","",""
"489","1993-12-31","Los Angeles Kings","4","Detroit Red Wings","4","OT","","",""
"490","1993-12-31","Quebec Nordiques","5","Pittsburgh Penguins","4","","","",""
"491","1993-12-31","San Jose Sharks","3","Vancouver Canucks","2","","","",""
"492","1993-12-31","St. Louis Blues","1","Winnipeg Jets","2","","","",""
"493","1994-01-01","Mighty Ducks of Anaheim","2","Florida Panthers","4","","","",""
"494","1994-01-01","Hartford Whalers","4","New York Islanders","3","","","",""
"495","1994-01-01","New Jersey Devils","7","Ottawa Senators","1","","","",""
"496","1994-01-01","Los Angeles Kings","7","Toronto Maple Leafs","4","","","",""
"497","1994-01-01","Tampa Bay Lightning","5","Washington Capitals","5","OT","","",""
"498","1994-01-02","Washington Capitals","2","Boston Bruins","8","","","",""
"499","1994-01-02","Toronto Maple Leafs","3","Buffalo Sabres","3","OT","","",""
"500","1994-01-02","Winnipeg Jets","1","Chicago Blackhawks","5","","","",""
"501","1994-01-02","Quebec Nordiques","6","Dallas Stars","4","","","",""
"502","1994-01-02","San Jose Sharks","4","Edmonton Oilers","4","OT","","",""
"503","1994-01-02","Pittsburgh Penguins","2","Hartford Whalers","7","","","",""
"504","1994-01-02","Calgary Flames","3","St. Louis Blues","4","OT","","",""
"505","1994-01-02","Mighty Ducks of Anaheim","4","Tampa Bay Lightning","1","","","","at Orlando, FL"
"506","1994-01-02","Montreal Canadiens","3","Vancouver Canucks","2","","","",""
"507","1994-01-03","Florida Panthers","2","New York Rangers","3","","","",""
"508","1994-01-03","Pittsburgh Penguins","4","Ottawa Senators","1","","","",""
"509","1994-01-04","Chicago Blackhawks","2","Dallas Stars","1","OT","","",""
"510","1994-01-04","Quebec Nordiques","1","Los Angeles Kings","5","","","",""
"511","1994-01-04","New York Islanders","3","New Jersey Devils","6","","","",""
"512","1994-01-04","Montreal Canadiens","2","San Jose Sharks","2","OT","","",""
"513","1994-01-04","Detroit Red Wings","4","St. Louis Blues","4","OT","","",""
"514","1994-01-04","Tampa Bay Lightning","1","Toronto Maple Leafs","0","","","","at Hamilton, ON"
"515","1994-01-05","Winnipeg Jets","0","Hartford Whalers","4","","","",""
"516","1994-01-05","Calgary Flames","4","New York Rangers","1","","","",""
"517","1994-01-05","Vancouver Canucks","7","Ottawa Senators","2","","","",""
"518","1994-01-05","Montreal Canadiens","4","Quebec Nordiques","0","","","","at Phoenix, AZ"
"519","1994-01-06","Winnipeg Jets","4","Boston Bruins","5","","","",""
"520","1994-01-06","Mighty Ducks of Anaheim","6","Chicago Blackhawks","2","","","",""
"521","1994-01-06","Philadelphia Flyers","0","Dallas Stars","8","","","",""
"522","1994-01-06","St. Louis Blues","2","Hartford Whalers","1","","","","at Cleveland, OH"
"523","1994-01-06","Detroit Red Wings","10","San Jose Sharks","3","","","",""
"524","1994-01-06","Ottawa Senators","3","Toronto Maple Leafs","6","","","",""
"525","1994-01-07","Pittsburgh Penguins","4","Buffalo Sabres","3","OT","","",""
"526","1994-01-07","Quebec Nordiques","4","Edmonton Oilers","6","","","",""
"527","1994-01-07","Florida Panthers","1","New Jersey Devils","4","","","",""
"528","1994-01-07","Calgary Flames","2","New York Islanders","6","","","",""
"529","1994-01-08","Florida Panthers","2","Boston Bruins","2","OT","","",""
"530","1994-01-08","New York Islanders","0","Hartford Whalers","6","","","",""
"531","1994-01-08","Detroit Red Wings","6","Los Angeles Kings","3","","","",""
"532","1994-01-08","New York Rangers","2","Montreal Canadiens","3","","","",""
"533","1994-01-08","Winnipeg Jets","3","Ottawa Senators","2","","","",""
"534","1994-01-08","Calgary Flames","2","Pittsburgh Penguins","2","OT","","",""
"535","1994-01-08","Mighty Ducks of Anaheim","5","St. Louis Blues","3","","","",""
"536","1994-01-08","Philadelphia Flyers","2","Tampa Bay Lightning","4","","","",""
"537","1994-01-08","Vancouver Canucks","3","Toronto Maple Leafs","5","","","",""
"538","1994-01-08","Chicago Blackhawks","1","Washington Capitals","4","","","",""
"539","1994-01-09","Vancouver Canucks","3","Buffalo Sabres","5","","","",""
"540","1994-01-09","Edmonton Oilers","4","Chicago Blackhawks","2","","","",""
"541","1994-01-09","St. Louis Blues","1","Dallas Stars","2","","","",""
"542","1994-01-09","Washington Capitals","4","New Jersey Devils","0","","","",""
"543","1994-01-10","Toronto Maple Leafs","3","Boston Bruins","0","","","",""
"544","1994-01-10","Detroit Red Wings","6","Mighty Ducks of Anaheim","4","","","",""
"545","1994-01-10","Winnipeg Jets","2","Montreal Canadiens","4","","","",""
"546","1994-01-10","Tampa Bay Lightning","5","New York Rangers","2","","","",""
"547","1994-01-10","New York Islanders","3","Ottawa Senators","3","OT","","",""
"548","1994-01-11","Quebec Nordiques","0","Calgary Flames","1","","","",""
"549","1994-01-11","Buffalo Sabres","5","Chicago Blackhawks","2","","","",""
"550","1994-01-11","Edmonton Oilers","2","Dallas Stars","5","","","",""
"551","1994-01-11","Ottawa Senators","1","Philadelphia Flyers","4","","","",""
"552","1994-01-11","Boston Bruins","4","Pittsburgh Penguins","5","OT","","",""
"553","1994-01-11","Los Angeles Kings","2","San Jose Sharks","2","OT","","",""
"554","1994-01-11","Toronto Maple Leafs","2","Washington Capitals","1","","","",""
"555","1994-01-12","Tampa Bay Lightning","4","Detroit Red Wings","2","","","",""
"556","1994-01-12","Hartford Whalers","4","Los Angeles Kings","6","","","",""
"557","1994-01-12","San Jose Sharks","5","Mighty Ducks of Anaheim","2","","","",""
"558","1994-01-12","New Jersey Devils","2","Montreal Canadiens","3","","","",""
"559","1994-01-12","Quebec Nordiques","3","Vancouver Canucks","4","","","",""
"560","1994-01-12","Buffalo Sabres","2","Winnipeg Jets","3","","","",""
"561","1994-01-13","Tampa Bay Lightning","0","Chicago Blackhawks","1","","","",""
"562","1994-01-13","Boston Bruins","2","Philadelphia Flyers","6","","","",""
"563","1994-01-13","Florida Panthers","2","Pittsburgh Penguins","2","OT","","",""
"564","1994-01-13","Edmonton Oilers","4","St. Louis Blues","6","","","",""
"565","1994-01-13","Dallas Stars","3","Toronto Maple Leafs","4","OT","","",""
"566","1994-01-14","Dallas Stars","3","Detroit Red Wings","9","","","",""
"567","1994-01-14","Hartford Whalers","3","Mighty Ducks of Anaheim","6","","","",""
"568","1994-01-14","Montreal Canadiens","2","New York Islanders","5","","","",""
"569","1994-01-14","Philadelphia Flyers","2","New York Rangers","5","","","",""
"570","1994-01-14","Ottawa Senators","2","Vancouver Canucks","2","OT","","",""
"571","1994-01-14","New Jersey Devils","5","Washington Capitals","2","","","",""
"572","1994-01-15","Detroit Red Wings","3","Boston Bruins","2","","","",""
"573","1994-01-15","Ottawa Senators","0","Calgary Flames","10","","","",""
"574","1994-01-15","Florida Panthers","5","Montreal Canadiens","2","","","",""
"575","1994-01-15","Los Angeles Kings","5","New Jersey Devils","3","","","",""
"576","1994-01-15","Chicago Blackhawks","5","New York Islanders","5","OT","","",""
"577","1994-01-15","Edmonton Oilers","3","Pittsburgh Penguins","4","","","",""
"578","1994-01-15","Washington Capitals","4","Quebec Nordiques","0","","","",""
"579","1994-01-15","Hartford Whalers","2","San Jose Sharks","8","","","",""
"580","1994-01-15","Buffalo Sabres","1","St. Louis Blues","2","","","",""
"581","1994-01-15","Toronto Maple Leafs","5","Winnipeg Jets","1","","","",""
"582","1994-01-16","New York Rangers","5","Chicago Blackhawks","1","","","",""
"583","1994-01-16","Buffalo Sabres","4","Dallas Stars","2","","","",""
"584","1994-01-16","Vancouver Canucks","4","Mighty Ducks of Anaheim","3","","","",""
"585","1994-01-16","Los Angeles Kings","2","Philadelphia Flyers","5","","","",""
"586","1994-01-16","Tampa Bay Lightning","3","Winnipeg Jets","2","OT","","",""
"587","1994-01-17","Hartford Whalers","3","Boston Bruins","5","","","",""
"588","1994-01-17","Washington Capitals","1","Montreal Canadiens","3","","","",""
"589","1994-01-17","Florida Panthers","2","New York Islanders","1","","","",""
"590","1994-01-17","Calgary Flames","2","San Jose Sharks","3","","","",""
"591","1994-01-17","Detroit Red Wings","6","Tampa Bay Lightning","3","","","","at Minneapolis, MN"
"592","1994-01-18","Los Angeles Kings","3","Dallas Stars","5","","","",""
"593","1994-01-18","St. Louis Blues","1","New York Rangers","4","","","",""
"594","1994-01-18","Edmonton Oilers","3","Ottawa Senators","4","OT","","",""
"595","1994-01-18","Pittsburgh Penguins","3","Quebec Nordiques","6","","","",""
"596","1994-01-18","Mighty Ducks of Anaheim","3","Toronto Maple Leafs","3","OT","","",""
"597","1994-01-19","Edmonton Oilers","1","Buffalo Sabres","1","OT","","",""
"598","1994-01-19","Mighty Ducks of Anaheim","4","Detroit Red Wings","4","OT","","",""
"599","1994-01-19","Washington Capitals","1","Florida Panthers","5","","","",""
"600","1994-01-19","Toronto Maple Leafs","3","Hartford Whalers","3","OT","","",""
"601","1994-01-19","Boston Bruins","3","Montreal Canadiens","3","OT","","",""
"602","1994-01-19","St. Louis Blues","3","Philadelphia Flyers","8","","","",""
"603","1994-01-19","New York Islanders","3","Tampa Bay Lightning","4","OT","","",""
"604","1994-01-19","Calgary Flames","4","Vancouver Canucks","3","","","",""
"605","1994-01-19","New Jersey Devils","4","Winnipeg Jets","0","","","",""
"606","1994-01-24","Los Angeles Kings","3","Calgary Flames","3","OT","","","at Phoenix, AZ"
"607","1994-01-24","New Jersey Devils","6","Dallas Stars","2","","","",""
"608","1994-01-24","Vancouver Canucks","5","Edmonton Oilers","4","OT","","","at Saskatoon, SK"
"609","1994-01-24","Montreal Canadiens","3","Florida Panthers","8","","","",""
"610","1994-01-24","Boston Bruins","2","Hartford Whalers","1","","","",""
"611","1994-01-24","St. Louis Blues","3","Mighty Ducks of Anaheim","2","OT","","",""
"612","1994-01-24","Buffalo Sabres","0","Tampa Bay Lightning","4","","","","at Orlando, FL"
"613","1994-01-25","Chicago Blackhawks","5","Detroit Red Wings","0","","","",""
"614","1994-01-25","Winnipeg Jets","4","Los Angeles Kings","4","OT","","",""
"615","1994-01-25","Ottawa Senators","2","Pittsburgh Penguins","4","","","",""
"616","1994-01-25","Philadelphia Flyers","4","Quebec Nordiques","6","","","",""
"617","1994-01-25","New York Rangers","8","San Jose Sharks","3","","","",""
"618","1994-01-25","St. Louis Blues","3","Vancouver Canucks","3","OT","","",""
"619","1994-01-25","Boston Bruins","3","Washington Capitals","1","","","",""
"620","1994-01-26","Dallas Stars","3","Calgary Flames","2","","","",""
"621","1994-01-26","New Jersey Devils","3","Edmonton Oilers","3","OT","","",""
"622","1994-01-26","Montreal Canadiens","3","Hartford Whalers","0","","","",""
"623","1994-01-26","Winnipeg Jets","1","Mighty Ducks of Anaheim","3","","","",""
"624","1994-01-26","Florida Panthers","1","Tampa Bay Lightning","1","OT","","",""
"625","1994-01-26","New York Islanders","3","Toronto Maple Leafs","4","","","",""
"626","1994-01-27","Washington Capitals","2","Buffalo Sabres","7","","","",""
"627","1994-01-27","Detroit Red Wings","4","Chicago Blackhawks","3","OT","","",""
"628","1994-01-27","New York Rangers","5","Los Angeles Kings","4","OT","","",""
"629","1994-01-27","Hartford Whalers","1","Ottawa Senators","1","OT","","",""
"630","1994-01-27","Quebec Nordiques","0","Pittsburgh Penguins","3","","","",""
"631","1994-01-27","Dallas Stars","3","Vancouver Canucks","2","OT","","",""
"632","1994-01-28","New Jersey Devils","2","Calgary Flames","2","OT","","",""
"633","1994-01-28","St. Louis Blues","3","Edmonton Oilers","2","","","",""
"634","1994-01-28","San Jose Sharks","3","Florida Panthers","3","OT","","",""
"635","1994-01-28","New York Rangers","2","Mighty Ducks of Anaheim","3","","","",""
"636","1994-01-28","Boston Bruins","3","New York Islanders","0","","","",""
"637","1994-01-29","New York Islanders","1","Boston Bruins","2","","","",""
"638","1994-01-29","St. Louis Blues","5","Calgary Flames","3","","","",""
"639","1994-01-29","Ottawa Senators","3","Chicago Blackhawks","3","OT","","",""
"640","1994-01-29","Winnipeg Jets","1","Detroit Red Wings","7","","","",""
"641","1994-01-29","Dallas Stars","5","Edmonton Oilers","3","","","",""
"642","1994-01-29","Quebec Nordiques","3","Hartford Whalers","2","","","",""
"643","1994-01-29","Mighty Ducks of Anaheim","1","Los Angeles Kings","5","","","",""
"644","1994-01-29","Buffalo Sabres","3","Montreal Canadiens","2","","","",""
"645","1994-01-29","Washington Capitals","4","Philadelphia Flyers","2","","","",""
"646","1994-01-29","San Jose Sharks","2","Tampa Bay Lightning","1","","","",""
"647","1994-01-29","Pittsburgh Penguins","4","Toronto Maple Leafs","4","OT","","",""
"648","1994-01-29","New Jersey Devils","3","Vancouver Canucks","6","","","",""
"649","1994-01-30","Florida Panthers","3","Buffalo Sabres","2","","","",""
"650","1994-01-30","Philadelphia Flyers","4","Montreal Canadiens","5","OT","","",""
"651","1994-01-30","Detroit Red Wings","3","Washington Capitals","6","","","",""
"652","1994-01-31","Quebec Nordiques","3","Boston Bruins","4","","","",""
"653","1994-01-31","Pittsburgh Penguins","3","New York Rangers","5","","","",""
"654","1994-01-31","Chicago Blackhawks","1","Ottawa Senators","0","","","",""
"655","1994-01-31","Los Angeles Kings","1","Vancouver Canucks","3","","","",""
"656","1994-02-01","San Jose Sharks","4","New York Islanders","5","","","",""
"657","1994-02-01","Florida Panthers","1","Pittsburgh Penguins","2","","","",""
"658","1994-02-01","Hartford Whalers","2","Quebec Nordiques","1","","","",""
"659","1994-02-01","Toronto Maple Leafs","4","St. Louis Blues","4","OT","","",""
"660","1994-02-02","Los Angeles Kings","4","Edmonton Oilers","6","","","",""
"661","1994-02-02","Calgary Flames","4","Mighty Ducks of Anaheim","2","","","",""
"662","1994-02-02","Hartford Whalers","2","Montreal Canadiens","9","","","",""
"663","1994-02-02","Buffalo Sabres","3","New Jersey Devils","2","","","",""
"664","1994-02-02","New York Islanders","4","New York Rangers","4","OT","","",""
"665","1994-02-02","Florida Panthers","4","Ottawa Senators","1","","","",""
"666","1994-02-02","Washington Capitals","5","Philadelphia Flyers","2","","","","at Cleveland, OH"
"667","1994-02-02","Detroit Red Wings","3","Tampa Bay Lightning","1","","","",""
"668","1994-02-02","Chicago Blackhawks","4","Vancouver Canucks","6","","","",""
"669","1994-02-02","Dallas Stars","7","Winnipeg Jets","3","","","",""
"670","1994-02-03","New York Rangers","3","Boston Bruins","0","","","",""
"671","1994-02-03","San Jose Sharks","3","Philadelphia Flyers","2","OT","","",""
"672","1994-02-03","Quebec Nordiques","4","St. Louis Blues","3","","","",""
"673","1994-02-04","Pittsburgh Penguins","6","Detroit Red Wings","3","","","",""
"674","1994-02-04","Chicago Blackhawks","3","Edmonton Oilers","1","","","",""
"675","1994-02-04","Buffalo Sabres","7","Florida Panthers","2","","","",""
"676","1994-02-04","Vancouver Canucks","0","Mighty Ducks of Anaheim","3","","","",""
"677","1994-02-04","Ottawa Senators","2","New Jersey Devils","5","","","",""
"678","1994-02-04","Hartford Whalers","2","Winnipeg Jets","2","OT","","",""
"679","1994-02-04","Montreal Canadiens","4","Washington Capitals","0","","","",""
"680","1994-02-05","Philadelphia Flyers","0","Boston Bruins","4","","","",""
"681","1994-02-05","Calgary Flames","5","Los Angeles Kings","4","OT","","",""
"682","1994-02-05","Pittsburgh Penguins","3","New Jersey Devils","7","","","",""
"683","1994-02-05","Montreal Canadiens","4","Ottawa Senators","3","","","",""
"684","1994-02-05","New York Islanders","3","Quebec Nordiques","2","","","",""
"685","1994-02-05","San Jose Sharks","3","St. Louis Blues","4","","","",""
"686","1994-02-05","Detroit Red Wings","4","Toronto Maple Leafs","3","","","",""
"687","1994-02-05","Tampa Bay Lightning","3","Washington Capitals","6","","","",""
"688","1994-02-06","New York Islanders","1","Buffalo Sabres","4","","","",""
"689","1994-02-06","San Jose Sharks","7","Dallas Stars","1","","","",""
"690","1994-02-06","Winnipeg Jets","2","Edmonton Oilers","5","","","",""
"691","1994-02-06","Boston Bruins","0","Florida Panthers","3","","","",""
"692","1994-02-06","Chicago Blackhawks","3","Mighty Ducks of Anaheim","2","","","",""
"693","1994-02-06","Hartford Whalers","4","Vancouver Canucks","2","","","",""
"694","1994-02-07","Edmonton Oilers","3","Calgary Flames","4","","","",""
"695","1994-02-07","Washington Capitals","4","New York Rangers","1","","","",""
"696","1994-02-07","Montreal Canadiens","4","Pittsburgh Penguins","1","","","",""
"697","1994-02-07","Tampa Bay Lightning","2","Toronto Maple Leafs","1","","","",""
"698","1994-02-08","Vancouver Canucks","6","Detroit Red Wings","3","","","",""
"699","1994-02-08","Buffalo Sabres","1","New York Islanders","3","","","",""
"700","1994-02-08","Philadelphia Flyers","3","Ottawa Senators","3","OT","","",""
"701","1994-02-08","Boston Bruins","6","Quebec Nordiques","1","","","",""
"702","1994-02-08","Chicago Blackhawks","3","San Jose Sharks","4","","","","at Sacramento, CA"
"703","1994-02-08","Winnipeg Jets","5","St. Louis Blues","6","","","",""
"704","1994-02-09","Winnipeg Jets","2","Dallas Stars","4","","","",""
"705","1994-02-09","Calgary Flames","6","Edmonton Oilers","1","","","",""
"706","1994-02-09","Chicago Blackhawks","2","Los Angeles Kings","4","","","",""
"707","1994-02-09","New York Rangers","3","Montreal Canadiens","4","OT","","",""
"708","1994-02-10","Buffalo Sabres","3","Boston Bruins","3","OT","","",""
"709","1994-02-10","Vancouver Canucks","3","New Jersey Devils","7","","","",""
"710","1994-02-10","Tampa Bay Lightning","6","Ottawa Senators","2","","","",""
"711","1994-02-10","Florida Panthers","3","Philadelphia Flyers","4","OT","","",""
"712","1994-02-10","New York Islanders","5","Pittsburgh Penguins","3","","","",""
"713","1994-02-10","Washington Capitals","4","St. Louis Blues","3","","","",""
"714","1994-02-11","Montreal Canadiens","1","Buffalo Sabres","5","","","",""
"715","1994-02-11","Hartford Whalers","1","Calgary Flames","4","","","",""
"716","1994-02-11","Philadelphia Flyers","3","Detroit Red Wings","6","","","",""
"717","1994-02-11","Los Angeles Kings","5","Mighty Ducks of Anaheim","3","","","",""
"718","1994-02-11","Chicago Blackhawks","3","San Jose Sharks","4","","","",""
"719","1994-02-11","Toronto Maple Leafs","3","Winnipeg Jets","1","","","",""
"720","1994-02-12","New Jersey Devils","3","Boston Bruins","5","","","",""
"721","1994-02-12","Toronto Maple Leafs","2","Calgary Flames","3","","","",""
"722","1994-02-12","Hartford Whalers","5","Edmonton Oilers","2","","","",""
"723","1994-02-12","Washington Capitals","6","Los Angeles Kings","1","","","",""
"724","1994-02-12","Quebec Nordiques","2","Montreal Canadiens","5","","","",""
"725","1994-02-12","Florida Panthers","4","New York Islanders","3","","","",""
"726","1994-02-12","New York Rangers","4","Ottawa Senators","3","OT","","",""
"727","1994-02-12","Dallas Stars","9","Pittsburgh Penguins","3","","","",""
"728","1994-02-12","Detroit Red Wings","5","St. Louis Blues","4","OT","","",""
"729","1994-02-12","Vancouver Canucks","3","Tampa Bay Lightning","2","","","",""
"730","1994-02-13","Dallas Stars","5","Buffalo Sabres","3","","","",""
"731","1994-02-13","Mighty Ducks of Anaheim","6","Edmonton Oilers","3","","","",""
"732","1994-02-13","Vancouver Canucks","1","Florida Panthers","2","","","",""
"733","1994-02-13","Pittsburgh Penguins","3","Philadelphia Flyers","0","","","",""
"734","1994-02-13","Chicago Blackhawks","0","San Jose Sharks","1","","","",""
"735","1994-02-13","New Jersey Devils","3","Tampa Bay Lightning","3","OT","","",""
"736","1994-02-14","Chicago Blackhawks","4","Calgary Flames","2","","","",""
"737","1994-02-14","Boston Bruins","3","Los Angeles Kings","2","OT","","",""
"738","1994-02-14","New York Rangers","4","Quebec Nordiques","2","","","",""
"739","1994-02-15","Tampa Bay Lightning","1","New York Islanders","2","","","",""
"740","1994-02-15","Winnipeg Jets","3","Pittsburgh Penguins","5","","","",""
"741","1994-02-15","Philadelphia Flyers","6","San Jose Sharks","4","","","",""
"742","1994-02-15","Vancouver Canucks","2","St. Louis Blues","3","","","",""
"743","1994-02-15","Detroit Red Wings","4","Toronto Maple Leafs","5","OT","","",""
"744","1994-02-15","Edmonton Oilers","2","Washington Capitals","2","OT","","",""
"745","1994-02-16","Boston Bruins","3","Dallas Stars","0","","","",""
"746","1994-02-16","Florida Panthers","3","Detroit Red Wings","7","","","",""
"747","1994-02-16","Buffalo Sabres","5","Hartford Whalers","3","","","",""
"748","1994-02-16","Philadelphia Flyers","3","Mighty Ducks of Anaheim","6","","","",""
"749","1994-02-17","Vancouver Canucks","4","Chicago Blackhawks","2","","","",""
"750","1994-02-17","Hartford Whalers","4","Pittsburgh Penguins","6","","","",""
"751","1994-02-17","Quebec Nordiques","8","San Jose Sharks","2","","","",""
"752","1994-02-17","Montreal Canadiens","3","Tampa Bay Lightning","4","","","",""
"753","1994-02-17","New Jersey Devils","1","Toronto Maple Leafs","2","","","",""
"754","1994-02-18","Florida Panthers","1","Buffalo Sabres","4","","","",""
"755","1994-02-18","Calgary Flames","2","Dallas Stars","4","","","",""
"756","1994-02-18","Edmonton Oilers","1","Detroit Red Wings","5","","","",""
"757","1994-02-18","Philadelphia Flyers","4","Los Angeles Kings","3","","","",""
"758","1994-02-18","Quebec Nordiques","1","Mighty Ducks of Anaheim","0","","","",""
"759","1994-02-18","Ottawa Senators","0","New York Rangers","3","","","",""
"760","1994-02-18","Boston Bruins","1","St. Louis Blues","3","","","",""
"761","1994-02-18","Chicago Blackhawks","7","Winnipeg Jets","2","","","",""
"762","1994-02-18","New York Islanders","1","Washington Capitals","3","","","",""
"763","1994-02-19","New York Rangers","2","Hartford Whalers","4","","","",""
"764","1994-02-19","Pittsburgh Penguins","1","Montreal Canadiens","4","","","",""
"765","1994-02-19","Tampa Bay Lightning","4","New Jersey Devils","5","","","",""
"766","1994-02-19","Ottawa Senators","0","New York Islanders","4","","","",""
"767","1994-02-19","Los Angeles Kings","3","San Jose Sharks","4","","","",""
"768","1994-02-19","Edmonton Oilers","2","Toronto Maple Leafs","3","","","",""
"769","1994-02-20","New Jersey Devils","1","Chicago Blackhawks","1","OT","","",""
"770","1994-02-20","Detroit Red Wings","4","Florida Panthers","3","OT","","",""
"771","1994-02-20","Mighty Ducks of Anaheim","1","St. Louis Blues","4","","","",""
"772","1994-02-20","Boston Bruins","2","Tampa Bay Lightning","2","OT","","",""
"773","1994-02-20","Calgary Flames","5","Winnipeg Jets","2","","","",""
"774","1994-02-20","Buffalo Sabres","3","Washington Capitals","3","OT","","",""
"775","1994-02-21","Quebec Nordiques","1","Buffalo Sabres","2","","","",""
"776","1994-02-21","Toronto Maple Leafs","6","Los Angeles Kings","4","","","",""
"777","1994-02-21","Washington Capitals","0","New York Islanders","4","","","",""
"778","1994-02-21","Pittsburgh Penguins","3","New York Rangers","4","OT","","",""
"779","1994-02-21","Montreal Canadiens","7","Philadelphia Flyers","8","","","",""
"780","1994-02-21","Dallas Stars","6","San Jose Sharks","3","","","",""
"781","1994-02-22","Calgary Flames","4","Vancouver Canucks","4","OT","","",""
"782","1994-02-22","Florida Panthers","3","Winnipeg Jets","2","","","","at Hamilton, ON"
"783","1994-02-23","Mighty Ducks of Anaheim","2","Buffalo Sabres","4","","","",""
"784","1994-02-23","New Jersey Devils","7","Detroit Red Wings","2","","","",""
"785","1994-02-23","Toronto Maple Leafs","3","Edmonton Oilers","6","","","",""
"786","1994-02-23","Dallas Stars","0","Los Angeles Kings","0","OT","","",""
"787","1994-02-23","San Jose Sharks","1","Montreal Canadiens","3","","","",""
"788","1994-02-23","Boston Bruins","6","New York Rangers","3","","","",""
"789","1994-02-24","Tampa Bay Lightning","4","Calgary Flames","0","","","",""
"790","1994-02-24","Winnipeg Jets","3","Chicago Blackhawks","6","","","",""
"791","1994-02-24","Hartford Whalers","0","Detroit Red Wings","3","","","","at Cleveland, OH"
"792","1994-02-24","Washington Capitals","2","Florida Panthers","1","","","",""
"793","1994-02-24","New York Rangers","3","New Jersey Devils","1","","","",""
"794","1994-02-24","San Jose Sharks","4","Ottawa Senators","6","","","",""
"795","1994-02-24","New York Islanders","4","Philadelphia Flyers","5","OT","","",""
"796","1994-02-24","Mighty Ducks of Anaheim","2","Pittsburgh Penguins","2","OT","","",""
"797","1994-02-24","St. Louis Blues","0","Quebec Nordiques","6","","","",""
"798","1994-02-25","Chicago Blackhawks","3","Buffalo Sabres","1","","","",""
"799","1994-02-25","Los Angeles Kings","5","Edmonton Oilers","5","OT","","",""
"800","1994-02-25","Philadelphia Flyers","0","New York Islanders","2","","","",""
"801","1994-02-25","Boston Bruins","7","Winnipeg Jets","6","","","",""
"802","1994-02-26","Los Angeles Kings","2","Calgary Flames","4","","","",""
"803","1994-02-26","New York Rangers","1","Dallas Stars","3","","","",""
"804","1994-02-26","San Jose Sharks","0","Detroit Red Wings","2","","","",""
"805","1994-02-26","New Jersey Devils","1","Hartford Whalers","1","OT","","",""
"806","1994-02-26","St. Louis Blues","11","Ottawa Senators","1","","","",""
"807","1994-02-26","Buffalo Sabres","3","Pittsburgh Penguins","4","","","",""
"808","1994-02-26","Mighty Ducks of Anaheim","6","Quebec Nordiques","3","","","",""
"809","1994-02-26","Montreal Canadiens","3","Toronto Maple Leafs","0","","","",""
"810","1994-02-26","Tampa Bay Lightning","1","Vancouver Canucks","3","","","",""
"811","1994-02-26","Florida Panthers","2","Washington Capitals","4","","","",""
"812","1994-02-27","Boston Bruins","4","Chicago Blackhawks","0","","","",""
"813","1994-02-27","Tampa Bay Lightning","2","Edmonton Oilers","3","","","",""
"814","1994-02-27","Washington Capitals","3","Hartford Whalers","1","","","",""
"815","1994-02-27","Quebec Nordiques","2","New York Islanders","5","","","",""
"816","1994-02-28","Pittsburgh Penguins","4","Florida Panthers","3","","","",""
"817","1994-02-28","Montreal Canadiens","3","Los Angeles Kings","3","OT","","",""
"818","1994-02-28","St. Louis Blues","1","New Jersey Devils","5","","","",""
"819","1994-02-28","Philadelphia Flyers","1","New York Rangers","4","","","",""
"820","1994-02-28","Toronto Maple Leafs","4","Ottawa Senators","1","","","",""
"821","1994-02-28","San Jose Sharks","3","Winnipeg Jets","3","OT","","",""
"822","1994-03-01","Calgary Flames","2","Detroit Red Wings","5","","","",""
"823","1994-03-01","St. Louis Blues","2","New York Islanders","4","","","",""
"824","1994-03-01","Edmonton Oilers","7","Vancouver Canucks","4","","","",""
"825","1994-03-01","Tampa Bay Lightning","4","Washington Capitals","3","","","",""
"826","1994-03-02","New Jersey Devils","3","Florida Panthers","2","","","",""
"827","1994-03-02","Los Angeles Kings","4","Hartford Whalers","1","","","",""
"828","1994-03-02","Montreal Canadiens","5","Mighty Ducks of Anaheim","2","","","",""
"829","1994-03-02","Quebec Nordiques","2","New York Rangers","5","","","",""
"830","1994-03-02","Buffalo Sabres","7","Ottawa Senators","2","","","",""
"831","1994-03-02","Dallas Stars","2","Winnipeg Jets","4","","","",""
"832","1994-03-03","Los Angeles Kings","4","Boston Bruins","6","","","",""
"833","1994-03-03","Calgary Flames","2","Chicago Blackhawks","4","","","",""
"834","1994-03-03","Edmonton Oilers","2","San Jose Sharks","4","","","",""
"835","1994-03-03","Vancouver Canucks","4","St. Louis Blues","0","","","",""
"836","1994-03-03","New Jersey Devils","5","Tampa Bay Lightning","4","OT","","",""
"837","1994-03-04","Pittsburgh Penguins","1","Buffalo Sabres","2","","","",""
"838","1994-03-04","Vancouver Canucks","4","Dallas Stars","1","","","",""
"839","1994-03-04","Toronto Maple Leafs","6","Detroit Red Wings","5","OT","","",""
"840","1994-03-04","Hartford Whalers","2","Florida Panthers","1","","","",""
"841","1994-03-04","Edmonton Oilers","1","Mighty Ducks of Anaheim","4","","","",""
"842","1994-03-04","New York Islanders","3","New York Rangers","3","OT","","",""
"843","1994-03-04","Winnipeg Jets","6","Ottawa Senators","1","","","","at Minneapolis, MN"
"844","1994-03-04","Philadelphia Flyers","3","Washington Capitals","3","OT","","",""
"845","1994-03-05","Ottawa Senators","1","Boston Bruins","6","","","",""
"846","1994-03-05","Calgary Flames","3","New Jersey Devils","6","","","",""
"847","1994-03-05","New York Rangers","5","New York Islanders","4","","","",""
"848","1994-03-05","Toronto Maple Leafs","1","Quebec Nordiques","4","","","",""
"849","1994-03-05","Hartford Whalers","2","Tampa Bay Lightning","4","","","",""
"850","1994-03-06","Los Angeles Kings","3","Chicago Blackhawks","3","OT","","",""
"851","1994-03-06","Montreal Canadiens","2","Dallas Stars","2","OT","","",""
"852","1994-03-06","Buffalo Sabres","3","Detroit Red Wings","2","","","",""
"853","1994-03-06","Mighty Ducks of Anaheim","0","San Jose Sharks","6","","","",""
"854","1994-03-06","Philadelphia Flyers","3","Tampa Bay Lightning","1","","","",""
"855","1994-03-06","Pittsburgh Penguins","5","Winnipeg Jets","3","","","",""
"856","1994-03-06","Calgary Flames","4","Washington Capitals","4","OT","","",""
"857","1994-03-07","Washington Capitals","3","Boston Bruins","6","","","",""
"858","1994-03-07","Quebec Nordiques","2","New Jersey Devils","2","OT","","",""
"859","1994-03-07","Detroit Red Wings","6","New York Rangers","3","","","",""
"860","1994-03-07","St. Louis Blues","3","Toronto Maple Leafs","2","","","",""
"861","1994-03-07","Florida Panthers","2","Vancouver Canucks","1","","","",""
"862","1994-03-07","New York Islanders","7","Winnipeg Jets","2","","","",""
"863","1994-03-08","Mighty Ducks of Anaheim","0","Chicago Blackhawks","3","","","","at Phoenix, AZ"
"864","1994-03-08","Dallas Stars","4","Philadelphia Flyers","3","OT","","",""
"865","1994-03-08","Boston Bruins","3","Pittsburgh Penguins","7","","","",""
"866","1994-03-08","Ottawa Senators","2","Quebec Nordiques","5","","","",""
"867","1994-03-08","Buffalo Sabres","4","San Jose Sharks","4","OT","","",""
"868","1994-03-09","Detroit Red Wings","5","Calgary Flames","1","","","",""
"869","1994-03-09","Florida Panthers","5","Edmonton Oilers","3","","","",""
"870","1994-03-09","Tampa Bay Lightning","1","Hartford Whalers","4","","","",""
"871","1994-03-09","Chicago Blackhawks","4","Los Angeles Kings","0","","","",""
"872","1994-03-09","Buffalo Sabres","3","Mighty Ducks of Anaheim","0","","","",""
"873","1994-03-09","St. Louis Blues","2","Montreal Canadiens","7","","","",""
"874","1994-03-09","Dallas Stars","2","Toronto Maple Leafs","4","","","",""
"875","1994-03-09","New York Islanders","4","Vancouver Canucks","5","","","",""
"876","1994-03-09","New York Rangers","7","Washington Capitals","5","","","","at Halifax, NS"
"877","1994-03-10","New York Rangers","2","Boston Bruins","2","OT","","",""
"878","1994-03-10","Hartford Whalers","0","New Jersey Devils","4","","","",""
"879","1994-03-10","Ottawa Senators","2","Philadelphia Flyers","8","","","",""
"880","1994-03-10","Toronto Maple Leafs","4","Pittsburgh Penguins","2","","","",""
"881","1994-03-10","Montreal Canadiens","4","Quebec Nordiques","4","OT","","",""
"882","1994-03-10","New York Islanders","3","San Jose Sharks","4","","","",""
"883","1994-03-11","Florida Panthers","2","Calgary Flames","4","","","",""
"884","1994-03-11","Detroit Red Wings","2","Edmonton Oilers","4","","","",""
"885","1994-03-11","Chicago Blackhawks","3","Mighty Ducks of Anaheim","2","","","",""
"886","1994-03-11","Vancouver Canucks","8","Winnipeg Jets","4","","","",""
"887","1994-03-12","San Jose Sharks","0","Calgary Flames","2","","","",""
"888","1994-03-12","Dallas Stars","2","Hartford Whalers","2","OT","","",""
"889","1994-03-12","Buffalo Sabres","5","Los Angeles Kings","3","","","",""
"890","1994-03-12","Philadelphia Flyers","4","Montreal Canadiens","4","OT","","",""
"891","1994-03-12","Boston Bruins","1","New Jersey Devils","2","","","",""
"892","1994-03-12","New York Rangers","2","Pittsburgh Penguins","6","","","",""
"893","1994-03-12","New York Islanders","5","St. Louis Blues","5","OT","","",""
"894","1994-03-12","Winnipeg Jets","1","Toronto Maple Leafs","3","","","",""
"895","1994-03-12","Quebec Nordiques","4","Washington Capitals","3","","","",""
"896","1994-03-13","Vancouver Canucks","2","Chicago Blackhawks","5","","","",""
"897","1994-03-13","Pittsburgh Penguins","3","Hartford Whalers","2","","","",""
"898","1994-03-13","Ottawa Senators","1","Mighty Ducks of Anaheim","5","","","",""
"899","1994-03-13","Dallas Stars","0","New Jersey Devils","4","","","",""
"900","1994-03-13","Tampa Bay Lightning","5","Philadelphia Flyers","5","OT","","",""
"901","1994-03-14","New York Rangers","1","Florida Panthers","2","","","",""
"902","1994-03-14","Boston Bruins","4","Montreal Canadiens","5","","","",""
"903","1994-03-14","Chicago Blackhawks","1","Quebec Nordiques","5","","","",""
"904","1994-03-15","Vancouver Canucks","2","Detroit Red Wings","5","","","",""
"905","1994-03-15","Ottawa Senators","0","Los Angeles Kings","7","","","",""
"906","1994-03-15","New Jersey Devils","2","New York Islanders","3","","","",""
"907","1994-03-15","Washington Capitals","5","Pittsburgh Penguins","4","OT","","",""
"908","1994-03-15","Calgary Flames","7","Tampa Bay Lightning","3","","","",""
"909","1994-03-16","Calgary Flames","1","Florida Panthers","2","","","",""
"910","1994-03-16","Los Angeles Kings","2","Mighty Ducks of Anaheim","5","","","",""
"911","1994-03-16","Chicago Blackhawks","3","Montreal Canadiens","5","","","",""
"912","1994-03-16","Hartford Whalers","0","New York Rangers","4","","","",""
"913","1994-03-16","Edmonton Oilers","4","Tampa Bay Lightning","4","OT","","",""
"914","1994-03-16","Vancouver Canucks","4","Toronto Maple Leafs","1","","","",""
"915","1994-03-16","St. Louis Blues","0","Winnipeg Jets","4","","","",""
"916","1994-03-17","Pittsburgh Penguins","4","Boston Bruins","2","","","",""
"917","1994-03-17","New Jersey Devils","6","Buffalo Sabres","1","","","",""
"918","1994-03-17","New York Islanders","3","Detroit Red Wings","1","","","",""
"919","1994-03-17","Hartford Whalers","1","Quebec Nordiques","4","","","",""
"920","1994-03-17","Ottawa Senators","2","San Jose Sharks","1","","","",""
"921","1994-03-18","Washington Capitals","2","Dallas Stars","6","","","",""
"922","1994-03-18","Edmonton Oilers","4","Florida Panthers","4","OT","","",""
"923","1994-03-18","Buffalo Sabres","2","New York Islanders","2","OT","","","at Minneapolis, MN"
"924","1994-03-18","Chicago Blackhawks","7","New York Rangers","3","","","",""
"925","1994-03-18","St. Louis Blues","2","Toronto Maple Leafs","4","","","",""
"926","1994-03-19","New Jersey Devils","8","Boston Bruins","6","","","",""
"927","1994-03-19","San Jose Sharks","1","Los Angeles Kings","2","","","",""
"928","1994-03-19","Quebec Nordiques","2","Montreal Canadiens","5","","","",""
"929","1994-03-19","Hartford Whalers","5","Philadelphia Flyers","3","","","",""
"930","1994-03-19","Vancouver Canucks","4","Pittsburgh Penguins","5","","","",""
"931","1994-03-19","Detroit Red Wings","2","Winnipeg Jets","4","","","",""
"932","1994-03-20","Ottawa Senators","2","Buffalo Sabres","6","","","",""
"933","1994-03-20","St. Louis Blues","4","Chicago Blackhawks","3","OT","","",""
"934","1994-03-20","Vancouver Canucks","1","Dallas Stars","2","OT","","",""
"935","1994-03-20","Philadelphia Flyers","3","Florida Panthers","5","","","",""
"936","1994-03-20","Pittsburgh Penguins","2","New York Islanders","1","","","",""
"937","1994-03-20","Edmonton Oilers","5","Quebec Nordiques","3","","","",""
"938","1994-03-20","Los Angeles Kings","6","San Jose Sharks","6","OT","","",""
"939","1994-03-20","Washington Capitals","3","Tampa Bay Lightning","0","","","","at Orlando, FL"
"940","1994-03-20","Calgary Flames","6","Toronto Maple Leafs","3","","","",""
"941","1994-03-21","New Jersey Devils","3","Florida Panthers","3","OT","","",""
"942","1994-03-22","New York Rangers","4","Calgary Flames","4","OT","","",""
"943","1994-03-22","Mighty Ducks of Anaheim","3","Dallas Stars","4","","","",""
"944","1994-03-22","Chicago Blackhawks","1","Detroit Red Wings","3","","","",""
"945","1994-03-22","Tampa Bay Lightning","4","New York Islanders","5","OT","","",""
"946","1994-03-22","San Jose Sharks","2","Pittsburgh Penguins","2","OT","","",""
"947","1994-03-22","Boston Bruins","3","Quebec Nordiques","5","","","",""
"948","1994-03-22","Philadelphia Flyers","6","St. Louis Blues","3","","","",""
"949","1994-03-22","Hartford Whalers","1","Washington Capitals","4","","","",""
"950","1994-03-23","St. Louis Blues","3","Buffalo Sabres","2","","","",""
"951","1994-03-23","New York Rangers","5","Edmonton Oilers","3","","","",""
"952","1994-03-23","Toronto Maple Leafs","1","Florida Panthers","1","OT","","","at Hamilton, ON"
"953","1994-03-23","Vancouver Canucks","6","Los Angeles Kings","3","","","",""
"954","1994-03-23","Detroit Red Wings","4","Ottawa Senators","5","","","",""
"955","1994-03-23","Montreal Canadiens","1","Winnipeg Jets","3","","","",""
"956","1994-03-24","Mighty Ducks of Anaheim","3","Boston Bruins","5","","","",""
"957","1994-03-24","Montreal Canadiens","5","Chicago Blackhawks","5","OT","","",""
"958","1994-03-24","Tampa Bay Lightning","1","New Jersey Devils","2","","","",""
"959","1994-03-24","Florida Panthers","3","Philadelphia Flyers","4","","","",""
"960","1994-03-24","Ottawa Senators","1","Pittsburgh Penguins","5","","","",""
"961","1994-03-24","San Jose Sharks","2","Toronto Maple Leafs","1","","","",""
"962","1994-03-25","Hartford Whalers","3","Buffalo Sabres","6","","","",""
"963","1994-03-25","Washington Capitals","2","Detroit Red Wings","2","OT","","",""
"964","1994-03-25","Los Angeles Kings","4","Edmonton Oilers","3","OT","","",""
"965","1994-03-25","Dallas Stars","3","St. Louis Blues","5","","","",""
"966","1994-03-25","New York Rangers","5","Vancouver Canucks","2","","","",""
"967","1994-03-25","San Jose Sharks","8","Winnipeg Jets","3","","","",""
"968","1994-03-26","Montreal Canadiens","3","Boston Bruins","6","","","",""
"969","1994-03-26","Pittsburgh Penguins","3","Calgary Flames","5","","","",""
"970","1994-03-26","Mighty Ducks of Anaheim","3","Hartford Whalers","2","","","",""
"971","1994-03-26","Philadelphia Flyers","2","New Jersey Devils","7","","","",""
"972","1994-03-26","Florida Panthers","3","New York Islanders","1","","","",""
"973","1994-03-26","Quebec Nordiques","3","Toronto Maple Leafs","6","","","",""
"974","1994-03-27","New York Islanders","1","Buffalo Sabres","4","","","",""
"975","1994-03-27","Detroit Red Wings","3","Chicago Blackhawks","1","","","",""
"976","1994-03-27","Pittsburgh Penguins","3","Edmonton Oilers","5","","","",""
"977","1994-03-27","Quebec Nordiques","2","New Jersey Devils","5","","","","at Minneapolis, MN"
"978","1994-03-27","Mighty Ducks of Anaheim","3","Philadelphia Flyers","2","OT","","",""
"979","1994-03-27","San Jose Sharks","4","St. Louis Blues","3","","","",""
"980","1994-03-27","Dallas Stars","2","Tampa Bay Lightning","2","OT","","",""
"981","1994-03-27","Los Angeles Kings","3","Vancouver Canucks","4","","","",""
"982","1994-03-27","New York Rangers","1","Winnipeg Jets","3","","","",""
"983","1994-03-27","Boston Bruins","6","Washington Capitals","4","","","",""
"984","1994-03-28","Dallas Stars","5","Florida Panthers","4","","","",""
"985","1994-03-28","Ottawa Senators","2","Montreal Canadiens","3","","","",""
"986","1994-03-28","Toronto Maple Leafs","2","Vancouver Canucks","3","OT","","",""
"987","1994-03-29","Hartford Whalers","2","Detroit Red Wings","6","","","",""
"988","1994-03-29","Montreal Canadiens","2","New Jersey Devils","5","","","",""
"989","1994-03-29","New York Rangers","4","Philadelphia Flyers","3","","","",""
"990","1994-03-29","Winnipeg Jets","4","San Jose Sharks","9","","","",""
"991","1994-03-29","New York Islanders","2","Washington Capitals","2","OT","","",""
"992","1994-03-30","Tampa Bay Lightning","3","Buffalo Sabres","2","OT","","",""
"993","1994-03-30","St. Louis Blues","3","Florida Panthers","1","","","",""
"994","1994-03-30","Chicago Blackhawks","2","Hartford Whalers","3","OT","","",""
"995","1994-03-30","Mighty Ducks of Anaheim","5","Los Angeles Kings","2","","","",""
"996","1994-03-30","Quebec Nordiques","4","Ottawa Senators","6","","","",""
"997","1994-03-30","Pittsburgh Penguins","3","Vancouver Canucks","1","","","",""
"998","1994-03-31","Dallas Stars","2","Boston Bruins","2","OT","","",""
"999","1994-03-31","Washington Capitals","6","Chicago Blackhawks","3","","","",""
"1000","1994-03-31","Quebec Nordiques","4","Detroit Red Wings","2","","","",""
"1001","1994-03-31","Edmonton Oilers","3","Mighty Ducks of Anaheim","2","OT","","",""
"1002","1994-03-31","Calgary Flames","4","Philadelphia Flyers","1","","","",""
"1003","1994-03-31","Toronto Maple Leafs","3","San Jose Sharks","5","","","",""
"1004","1994-04-01","Boston Bruins","0","Buffalo Sabres","5","","","",""
"1005","1994-04-01","Montreal Canadiens","2","New York Islanders","5","","","",""
"1006","1994-04-01","Dallas Stars","0","New York Rangers","3","","","",""
"1007","1994-04-01","St. Louis Blues","3","Tampa Bay Lightning","4","","","",""
"1008","1994-04-01","Winnipeg Jets","1","Vancouver Canucks","5","","","",""
"1009","1994-04-01","New Jersey Devils","1","Washington Capitals","2","","","",""
"1010","1994-04-02","Calgary Flames","3","Detroit Red Wings","3","OT","","",""
"1011","1994-04-02","Ottawa Senators","2","Florida Panthers","2","OT","","",""
"1012","1994-04-02","Philadelphia Flyers","6","Hartford Whalers","5","","","",""
"1013","1994-04-02","Edmonton Oilers","5","Los Angeles Kings","3","","","",""
"1014","1994-04-02","Toronto Maple Leafs","1","Mighty Ducks of Anaheim","3","","","",""
"1015","1994-04-02","New York Islanders","3","Montreal Canadiens","3","OT","","",""
"1016","1994-04-02","New York Rangers","4","New Jersey Devils","2","","","",""
"1017","1994-04-02","Buffalo Sabres","6","Quebec Nordiques","2","","","",""
"1018","1994-04-02","Vancouver Canucks","4","San Jose Sharks","7","","","",""
"1019","1994-04-03","Calgary Flames","1","Chicago Blackhawks","2","","","",""
"1020","1994-04-03","St. Louis Blues","3","Detroit Red Wings","3","OT","","",""
"1021","1994-04-03","Edmonton Oilers","1","Los Angeles Kings","6","","","","at Sacramento, CA"
"1022","1994-04-03","Boston Bruins","2","Pittsburgh Penguins","6","","","","at Cleveland, OH"
"1023","1994-04-03","Dallas Stars","6","Washington Capitals","3","","","",""
"1024","1994-04-04","Florida Panthers","2","New York Rangers","3","","","",""
"1025","1994-04-04","Tampa Bay Lightning","1","Pittsburgh Penguins","2","","","",""
"1026","1994-04-04","Buffalo Sabres","4","Quebec Nordiques","6","","","",""
"1027","1994-04-04","Philadelphia Flyers","2","Winnipeg Jets","2","OT","","",""
"1028","1994-04-05","Toronto Maple Leafs","6","Dallas Stars","4","","","",""
"1029","1994-04-05","San Jose Sharks","2","Los Angeles Kings","1","","","",""
"1030","1994-04-05","Florida Panthers","3","Quebec Nordiques","3","OT","","",""
"1031","1994-04-05","Chicago Blackhawks","1","St. Louis Blues","5","","","",""
"1032","1994-04-05","Detroit Red Wings","8","Vancouver Canucks","3","","","",""
"1033","1994-04-05","New York Islanders","4","Washington Capitals","3","OT","","",""
"1034","1994-04-06","Mighty Ducks of Anaheim","2","Calgary Flames","4","","","",""
"1035","1994-04-06","New York Islanders","3","Hartford Whalers","3","OT","","",""
"1036","1994-04-06","Tampa Bay Lightning","3","Montreal Canadiens","1","","","",""
"1037","1994-04-06","Washington Capitals","5","Ottawa Senators","6","","","",""
"1038","1994-04-06","New Jersey Devils","1","Pittsburgh Penguins","3","","","",""
"1039","1994-04-06","Edmonton Oilers","4","Winnipeg Jets","3","","","",""
"1040","1994-04-07","Ottawa Senators","4","Boston Bruins","5","","","",""
"1041","1994-04-07","Florida Panthers","3","Philadelphia Flyers","3","OT","","",""
"1042","1994-04-07","Hartford Whalers","2","Quebec Nordiques","5","","","",""
"1043","1994-04-07","Los Angeles Kings","2","St. Louis Blues","6","","","",""
"1044","1994-04-07","San Jose Sharks","2","Vancouver Canucks","3","","","",""
"1045","1994-04-08","Montreal Canadiens","0","Buffalo Sabres","1","","","",""
"1046","1994-04-08","San Jose Sharks","2","Calgary Flames","5","","","",""
"1047","1994-04-08","St. Louis Blues","1","Chicago Blackhawks","6","","","",""
"1048","1994-04-08","Mighty Ducks of Anaheim","3","Edmonton Oilers","1","","","",""
"1049","1994-04-08","Pittsburgh Penguins","2","New Jersey Devils","7","","","",""
"1050","1994-04-08","Dallas Stars","1","New York Islanders","5","","","",""
"1051","1994-04-08","Toronto Maple Leafs","3","New York Rangers","5","","","",""
"1052","1994-04-09","Tampa Bay Lightning","3","Boston Bruins","0","","","",""
"1053","1994-04-09","Detroit Red Wings","2","Calgary Flames","4","","","",""
"1054","1994-04-09","Pittsburgh Penguins","1","Montreal Canadiens","9","","","",""
"1055","1994-04-09","Mighty Ducks of Anaheim","3","Vancouver Canucks","1","","","",""
"1056","1994-04-09","Los Angeles Kings","3","Winnipeg Jets","4","","","",""
"1057","1994-04-09","Ottawa Senators","4","Washington Capitals","8","","","",""
"1058","1994-04-10","Quebec Nordiques","1","Buffalo Sabres","4","","","",""
"1059","1994-04-10","Los Angeles Kings","1","Chicago Blackhawks","2","","","",""
"1060","1994-04-10","Detroit Red Wings","3","Edmonton Oilers","4","","","",""
"1061","1994-04-10","New Jersey Devils","2","Florida Panthers","2","OT","","",""
"1062","1994-04-10","Tampa Bay Lightning","4","Hartford Whalers","6","","","",""
"1063","1994-04-10","New York Rangers","4","New York Islanders","5","","","",""
"1064","1994-04-10","Boston Bruins","4","Philadelphia Flyers","3","","","",""
"1065","1994-04-10","Vancouver Canucks","1","San Jose Sharks","3","","","",""
"1066","1994-04-10","Dallas Stars","2","St. Louis Blues","2","OT","","",""
"1067","1994-04-10","Winnipeg Jets","0","Toronto Maple Leafs","7","","","",""
"1068","1994-04-11","Montreal Canadiens","3","Hartford Whalers","1","","","",""
"1069","1994-04-11","Calgary Flames","3","Mighty Ducks of Anaheim","0","","","",""
"1070","1994-04-11","Pittsburgh Penguins","4","Ottawa Senators","0","","","",""
"1071","1994-04-12","St. Louis Blues","5","Dallas Stars","9","","","",""
"1072","1994-04-12","Quebec Nordiques","5","Florida Panthers","2","","","",""
"1073","1994-04-12","Buffalo Sabres","2","New York Rangers","3","","","",""
"1074","1994-04-12","New Jersey Devils","2","Philadelphia Flyers","4","","","",""
"1075","1994-04-12","Chicago Blackhawks","4","Toronto Maple Leafs","3","","","",""
"1076","1994-04-12","Winnipeg Jets","3","Washington Capitals","4","","","",""
"1077","1994-04-13","Montreal Canadiens","0","Detroit Red Wings","9","","","",""
"1078","1994-04-13","Calgary Flames","4","Los Angeles Kings","6","","","",""
"1079","1994-04-13","Vancouver Canucks","2","Mighty Ducks of Anaheim","1","","","",""
"1080","1994-04-13","Boston Bruins","8","Ottawa Senators","0","","","",""
"1081","1994-04-13","Edmonton Oilers","2","San Jose Sharks","2","OT","","",""
"1082","1994-04-13","New York Islanders","2","Tampa Bay Lightning","0","","","",""
"1083","1994-04-14","Hartford Whalers","3","Boston Bruins","2","","","",""
"1084","1994-04-14","Washington Capitals","3","Buffalo Sabres","2","","","",""
"1085","1994-04-14","Toronto Maple Leafs","6","Chicago Blackhawks","4","","","",""
"1086","1994-04-14","Detroit Red Wings","3","Dallas Stars","4","","","",""
"1087","1994-04-14","New York Islanders","1","Florida Panthers","4","","","",""
"1088","1994-04-14","Edmonton Oilers","2","Los Angeles Kings","2","OT","","",""
"1089","1994-04-14","Ottawa Senators","1","New Jersey Devils","4","","","",""
"1090","1994-04-14","Philadelphia Flyers","2","New York Rangers","2","OT","","",""
"1091","1994-04-14","Winnipeg Jets","1","St. Louis Blues","3","","","",""
"1092","1994-04-14","Quebec Nordiques","2","Tampa Bay Lightning","5","","","",""
